video_id,title,view_count,like_count,coin_count,favorite_count,share_count,clean_title,bert_kmeans_cluster,dbscan_cluster,pca_x,pca_y,tsne_x,tsne_y
BV114fgBDEvF,王宇昊爽吃六桶奶粉！,2237842,300347,173034,42979,1480,王宇昊爽吃六桶奶粉,5,-1,-2.5196605,-0.21790001,6.5909023,-2.493688
BV114fyBUEfi,【解说员】还是暗部兄弟豪赤,158476,10347,801,1287,242,解说员 还是暗部兄弟豪赤,6,-1,-2.5967875,1.1899028,-0.7134079,3.7885277
BV119c5ziEyb,毛巾塞进杯子里，英国初中生年入百万,2252290,72460,955,6531,468,毛巾塞进杯子里 英国初中生年入百万,7,-1,6.1067924,-3.5888164,-2.009327,-9.96199
BV11bfyB7ELp,【NMIXX】“TIC TIC (Feat. Pabllo Vittar)” | Brazil Carnival🇧🇷 | Stage Recap,32409,5116,1449,949,211,NMIXX  TIC TIC  Feat  Pabllo Vittar     Brazil Carnival     Stage Recap,0,-1,-4.0198565,4.570036,-0.09419555,9.744093
BV11QfFB9EuM,挑战100多层高的矮寨大桥，万万没想到越到后面越难,786218,42674,1302,5115,3960,挑战100多层高的矮寨大桥 万万没想到越到后面越难,7,-1,5.9866157,-1.9478925,-0.052202806,-6.7221694
BV11sfkBGEmC,“侠之大者 为国为民”,79886,12478,3510,3097,277,侠之大者 为国为民,2,-1,-1.9354843,2.0952349,5.8729796,6.0160875
BV11ufwBcEQi,百骑突袭！即使到存亡的最后一刻，也要谋划胜利！【帝国时代4】,982384,79480,43650,15835,2313,百骑突袭 即使到存亡的最后一刻 也要谋划胜利  帝国时代4,6,-1,-2.573649,-3.296774,-5.1967278,5.4763765
BV11xfMBCEw9,延长春节假期的三种方法,422612,24621,634,5156,2540,延长春节假期的三种方法,2,-1,0.21075755,0.38269538,6.64988,0.6817408
BV123fwBfEHd,8个Ai和我激斗😰❤️,593521,25836,1564,19133,167,8个Ai和我激斗,2,-1,-2.7062879,2.6920915,1.3057688,4.071426
BV124fyBUERa,刷新全网核爆上限！遐蝶核爆38.9万亿！竟然又摸到了货币战争的输出上限？几百小时全凹局运营思路上限展示！,87051,7507,2297,998,726,刷新全网核爆上限 遐蝶核爆38 9万亿 竟然又摸到了货币战争的输出上限 几百小时全凹局运营思路上限展示,5,-1,-1.8921548,-3.0747666,2.048675,0.34892645
BV125fPBvERt,长官你在冒烟！弹幕：狂！,1970257,46238,5570,6189,16615,长官你在冒烟 弹幕 狂,4,-1,-0.28051695,2.573338,1.7769592,0.38233715
BV127fKB3EyQ,几个月没练，看看我140kg卧推能做几个,608991,42267,671,566,288,几个月没练 看看我140kg卧推能做几个,3,-1,5.2019844,-1.2952143,1.4001216,-6.7681828
BV12CZ2BQEv5,能有多难看呢？《镖人》《飞驰人生3》《惊蛰无声》《星河入梦》《熊出没·年年有熊》《熊猫计划之部落奇遇记》2026春节电影排雷报告,5244047,108519,24780,25714,16972,能有多难看呢  镖人  飞驰人生3  惊蛰无声  星河入梦  熊出没 年年有熊  熊猫计划之部落奇遇记 2026春节电影排雷报告,5,-1,-4.0702686,-3.7586312,-5.3340693,1.5122964
BV12LfKBkESF,《SHIT》期刊要有赞助了！离举办会议不远了！持续期待,518098,69794,2446,6550,3424,SHIT 期刊要有赞助了 离举办会议不远了 持续期待,0,-1,-2.575592,2.089737,-1.0292401,10.0936365
BV12NZZB7EAM,毕节.达达炒鸡 厨子探店¥1瓶8+1,1975521,152795,16059,5514,1138,毕节 达达炒鸡 厨子探店 1瓶8 1,5,-1,-2.7731035,0.6443698,1.0792508,7.5284324
BV12PfFBdEBu,全网首发航天无敌蹲撤离点点位，码头围墙顶,628212,32514,1242,26504,18348,全网首发航天无敌蹲撤离点点位 码头围墙顶,5,-1,-2.3408003,-2.7496,-0.9108925,2.528093
BV12VfPBKEW7,欢愉至上！2025年度军事乐子颁奖典礼【风帆说】,182644,15997,1900,3169,496,欢愉至上 2025年度军事乐子颁奖典礼 风帆说,5,-1,-3.453557,-2.007026,-6.9872184,0.0081492765
BV12zfEByE1q,【TF家族练习生】《TLOG》01：《发发NOW》MV拍摄花絮,1675965,52051,5367,18755,1007,TF家族练习生  TLOG 01  发发NOW MV拍摄花絮,0,-1,-4.967463,0.55819863,-1.7440093,8.461596
BV131f7BQEU1,波比的游戏时间第五章，原型体1006终于现身！,1122467,63701,20109,32814,1917,波比的游戏时间第五章 原型体1006终于现身,6,-1,-4.221812,-3.047945,-4.8086114,5.015477
BV132fLBVEds,【时代少年团】2026十八楼联欢晚会-经典剧集,955872,50878,12144,11618,1897,时代少年团 2026十八楼联欢晚会 经典剧集,5,-1,-4.8731833,-1.7953755,-7.123609,0.7124175
BV13cfPBLEda,彭尼游戏？抛硬币也有策略？,353371,19303,654,11470,566,彭尼游戏 抛硬币也有策略,5,-1,-2.2504587,-1.1085086,-4.133437,2.493511
BV13cfwBqEur,搞定就撤,268815,25808,997,4307,1085,搞定就撤,1,-1,3.7222679,4.128359,-0.66360474,-1.2260238
BV13Df7BEEmR,来带你感受一下南洋大兜虫的惊人的背甲硬度！,2418369,54734,524,2334,646,来带你感受一下南洋大兜虫的惊人的背甲硬度,3,-1,4.118545,0.13009962,-3.3823435,-3.2497919
BV13DZoBZEvD,可恶，是幻术吗？火花花居然和我玩起了浪漫？？,1134370,137664,10069,40695,6203,可恶 是幻术吗 火花花居然和我玩起了浪漫,3,-1,3.0948682,0.53867555,-0.8814961,-3.9962156
BV13FfwBMEsj,禁枪国家造不出好枪？【鉴定网络热门枪械】,203970,11817,585,1572,128,禁枪国家造不出好枪  鉴定网络热门枪械,5,-1,-1.809434,-3.3323371,4.9920187,-5.6200485
BV13pfqBuESD,仅需一个黄毛便可拖垮美国娱乐史上最伟大的女声,276565,12299,2913,4809,471,仅需一个黄毛便可拖垮美国娱乐史上最伟大的女声,5,-1,-0.30896297,-0.8797986,3.9115484,-0.9586269
BV13xfqBTErW,《 她 们 为 什 么 打 架 ？🤔》,635576,60784,2726,19844,832,她 们 为 什 么 打 架,1,-1,4.112182,3.335183,0.08660453,-2.592706
BV14AfuBEEdx,【王一博】《闪耀动起来》舞台幕后全记录,92369,12102,9103,5565,1468,王一博  闪耀动起来 舞台幕后全记录,5,-1,-2.4919682,-2.4948275,6.226322,-2.8869355
BV14cfnBJEZT,能帮帮小企鹅吗？小企鹅的小羊姐姐走丢了...【终末地幼儿园】,1719104,120098,3683,23915,7660,能帮帮小企鹅吗 小企鹅的小羊姐姐走丢了    终末地幼儿园,5,-1,-3.3072906,0.02575546,-1.9568627,6.2091017
BV14cZqB8EzW,今天吃旋转小火锅！自制了一大盆响铃卷，玩转火锅花样吃法！,1552459,115336,1980,6318,1978,今天吃旋转小火锅 自制了一大盆响铃卷 玩转火锅花样吃法,3,-1,3.102579,1.037942,1.4543066,-6.937635
BV14DfwBAEck,三国杀up锐评新三国246：岂有连营七百里可以拒敌的吗？,543332,23614,10060,3171,514,三国杀up锐评新三国246 岂有连营七百里可以拒敌的吗,9,-1,3.714522,-4.952017,-5.9233418,-4.295188
BV14EcazWERX,这把吃席的含金量堪比全国前二,1287012,28913,676,4271,1996,这把吃席的含金量堪比全国前二,1,-1,0.681125,4.442501,4.76751,3.7224915
BV14ifzBMEjx,再见来时路,136876,9125,3153,1268,195,再见来时路,2,-1,-2.1526566,3.9358532,3.480916,3.4327903
BV14ofKByEe6,2026全新人设套路！年入百万无人机女飞手、凌晨4点打7份工？全是摆拍套路！,158085,9902,2215,1334,250,2026全新人设套路 年入百万无人机女飞手 凌晨4点打7份工 全是摆拍套路,7,-1,5.0609922,-5.888961,-2.451548,-8.057466
BV14PfuBmE3x,【非洲留学】怎么门外真有狮子啊？？？,148817,27545,2288,1600,640,非洲留学 怎么门外真有狮子啊,7,-1,5.825728,-2.1532097,-3.1419032,-8.884755
BV14qfTB7E4B,美国为什么重新聚焦美洲？哪个美国邻居能薅美国的羊毛？离美国太近是福是祸？,138042,7206,947,1632,63,美国为什么重新聚焦美洲 哪个美国邻居能薅美国的羊毛 离美国太近是福是祸,8,-1,5.403494,-2.1259737,-1.862335,-9.492707
BV152ZVBrELM,他又打破了人类极限，看的我手心冒汗，徒手攀岩续集！《徒手攀岩2》,1400909,42450,3412,9370,746,他又打破了人类极限 看的我手心冒汗 徒手攀岩续集  徒手攀岩2,5,-1,-1.7154918,-3.5671258,6.071019,-5.7511687
BV153fGB6EG5,快叫你朋友来看七上八下挑战,1616501,30614,1103,846,359,快叫你朋友来看七上八下挑战,3,-1,2.3930373,0.77168673,-3.0210443,-4.0024
BV157fAByEev,“不要为打翻的牛奶哭泣”,617960,40697,526,4468,3095,不要为打翻的牛奶哭泣,4,-1,-0.24802944,3.6997454,3.0744424,1.9959993
BV15bfuBhEBw,当年吓哭小孩的阴影游戏 央视紧急下架所有恐怖视频！,1637824,103386,7490,24533,1726,当年吓哭小孩的阴影游戏 央视紧急下架所有恐怖视频,8,-1,0.3138528,-3.9748042,0.059186913,-8.280684
BV15ifiBrEE7,蘑菇房子,1335509,71430,877,21259,1763,蘑菇房子,2,-1,-3.8904889,2.7942507,0.761112,5.7673383
BV15KZfBiEQp,【熊人修仙传第三集】敢不敢赌一把？我要自制一部熊出没系列的影视短剧！,782513,99383,39205,25453,3589,熊人修仙传第三集 敢不敢赌一把 我要自制一部熊出没系列的影视短剧,5,-1,-4.433813,-0.5840926,-5.8217473,1.1811384
BV15PfMBfEaZ,和男粉丝约会,343927,12397,618,1923,142,和男粉丝约会,4,-1,-0.97718936,2.6346214,2.9137712,1.3414578
BV15PfMBfEXd,我遭遇了入室盗窃？,199799,20505,3694,1251,475,我遭遇了入室盗窃,1,-1,3.5351894,4.1746044,-1.113964,-0.68784463
BV15tfCBFENm,哒哒哒～,118847,15105,1906,1214,68,哒哒哒,3,-1,3.125982,4.0177693,-1.2292919,-2.753121
BV162f5BWE1d,我们将崩铁做入了PvZ！《植物大战僵尸模拟宇宙版》公测宣传片,177981,16464,2287,6042,3190,我们将崩铁做入了PvZ  植物大战僵尸模拟宇宙版 公测宣传片,9,-1,-1.5793583,-5.7442913,-5.213961,-2.2645626
BV164fBBsE9K,【明日方舟终末地】粉色奶龙还是强力冰C？伊冯详细测评及养成指南,127547,8897,1890,1512,204,明日方舟终末地 粉色奶龙还是强力冰C 伊冯详细测评及养成指南,9,-1,-1.5673879,-6.1839,-6.338275,-3.04864
BV16afMBzEPd,能把我招进来的公司不简单🧐Pt.1【波比的游戏时间第五章】【Windlight风光】,109344,8318,690,4528,43,能把我招进来的公司不简单 Pt 1 波比的游戏时间第五章  Windlight风光,6,-1,-3.7079875,-1.7885218,-5.7194443,3.1964278
BV16BfgBVE8v,【万字解读】浣熊市旅游指南,193990,8505,2628,4173,722,万字解读 浣熊市旅游指南,5,-1,-1.4566581,-2.0243034,-0.16163518,2.91065
BV16LZZB6E3Z,重生后，我成了小富婆的电竞经理【第一季完结】,1029176,48207,11897,47616,371,重生后 我成了小富婆的电竞经理 第一季完结,6,-1,-1.2288151,-3.684371,-6.201548,4.075966
BV16pfiBJE5p,过年你们家的亲戚,1694392,62126,647,1354,327,过年你们家的亲戚,4,-1,0.89204866,4.053016,5.418814,-1.2783903
BV16ufNBZEe9,带好友一起逃离“仙境”，但我创造模式！,919060,89439,12354,25660,770,带好友一起逃离 仙境  但我创造模式,6,-1,-1.9886779,-1.2648518,-3.782881,2.554567
BV173fABUE5R,暗信这破跑打机制，除了害我涨助攻，毛用都没有,833914,61641,2635,1684,658,暗信这破跑打机制 除了害我涨助攻 毛用都没有,3,-1,4.0506277,-0.15004346,-0.51873183,-5.3008137
BV173fNB4ExS,1-44集大合集,125128,12798,1688,15922,237,1 44集大合集,5,-1,-3.656129,1.280544,-0.6960193,2.0967586
BV17CZLBHEgN,中国古代起名大法，为什么古人有名又有字，现代人却没了？,2015483,63309,4293,11610,676,中国古代起名大法 为什么古人有名又有字 现代人却没了,8,-1,5.713689,-3.3835373,-2.6113207,-10.126955
BV17GfzB9Eiz,我联动了20多个UP主来玩脑叶公司？！（控制部期）,138209,10718,3536,5036,400,我联动了20多个UP主来玩脑叶公司   控制部期,1,-1,2.350167,3.4122767,-1.042285,-1.3391842
BV17JfuBqEqg,为什么不能在妈妈家过完一整个年啊,2650341,130358,5880,14096,953,为什么不能在妈妈家过完一整个年啊,1,-1,5.376671,4.6667385,-0.028013952,-2.9178035
BV17JfuBqESU,以防你不知道，安全箱13秒时进图会。。。。,1541999,40307,564,3489,521,以防你不知道 安全箱13秒时进图会,1,-1,1.5421227,3.3010485,-1.5860205,-1.0066408
BV17MfqBUEtv,国产饭桌戏，死于开会说教,299501,13562,4432,3128,346,国产饭桌戏 死于开会说教,5,-1,-0.13204196,-1.0355188,3.7671955,0.208046
BV17mZSB2EpZ,无痛清洗，不伤皮肤，不起水泡，不留疤,3901619,44551,833,868,225,无痛清洗 不伤皮肤 不起水泡 不留疤,2,-1,1.1021365,1.6367366,-1.7241448,0.023949333
BV17ofTBeEJ3,小韩，给本座把茶泡上,695047,56086,18385,9186,4402,小韩 给本座把茶泡上,1,-1,2.664127,4.0629554,0.6413292,-1.8015028
BV17pfuBvEsq,我们在零下30度，听了五首歌｜K-POP 冬日特辑｜声格CreSound,646253,61758,34399,23317,3904,我们在零下30度 听了五首歌 K POP 冬日特辑 声格CreSound,0,-1,-5.447277,2.2047012,-1.9560479,8.759403
BV17QfABHENz,《我的刀盾入侵》第二集，寻找七个葫芦。,2755734,38753,1511,46602,98,我的刀盾入侵 第二集 寻找七个葫芦,6,-1,-3.8302352,-2.3228357,-4.3289275,4.773685
BV17tZDBJEEf,【TF家族练习生】《四一有意思》01：新春夜旅,2978806,86460,9685,35913,2072,TF家族练习生  四一有意思 01 新春夜旅,0,-1,-3.9125583,-0.050706863,-0.3560739,7.2019186
BV17WfnBeEpT,把两队全装炸到打暗号，最后对面红透789178%,3185420,179298,4163,34306,8858,把两队全装炸到打暗号 最后对面红透789178,5,-1,-0.70446,0.1457658,0.9864928,1.1508068
BV183Z1BREBb,美军最新航母是什么水平？【肯尼迪号详解】,823145,31231,2909,7439,597,美军最新航母是什么水平  肯尼迪号详解,8,-1,1.930942,-4.3401546,0.49171108,-10.776564
BV184fqBiEMv,在上海吃卤肉饭，偶遇「消失10年的歌手」？,256010,9253,2454,2560,1622,在上海吃卤肉饭 偶遇 消失10年的歌手,4,-1,-0.45348436,-0.7192935,7.3787885,-4.1912103
BV18BfFBYEw1,AI真懂我的世界？？ 2.0,633788,41263,4209,36707,36,AI真懂我的世界   2 0,0,-1,-3.9264255,2.8123398,1.0635967,7.1694164
BV18EZLBBExv,你认为高中学的什么科目最没用？,259612,14629,535,2233,237,你认为高中学的什么科目最没用,1,-1,4.936462,1.3787615,-3.931184,-9.998491
BV18ifuBdEJN,你好，可以邀请你一起吃年夜饭吗？,1463665,129235,20067,19127,1812,你好 可以邀请你一起吃年夜饭吗,4,-1,2.7920368,2.5070658,3.482168,-2.702539
BV18jfJBJEpW,2天骑行500公里有什么不可能的！！,3151890,450015,15205,17139,2489,2天骑行500公里有什么不可能的,3,-1,5.1246014,2.0819347,0.8822639,-6.081027
BV18MfPB6EUC,十年后唱给机器人的《恭喜发财》,1414005,97513,4059,12153,8626,十年后唱给机器人的 恭喜发财,4,-1,-0.16372134,0.27881554,3.8399622,-0.76182634
BV18ofkBnEsp,【终末地密境行者】密境行者全宝箱三星攻略丨宝箱丨秘境行者丨攻略丨三星完美通关丨明日方舟终末地,81814,6157,1119,2739,219,终末地密境行者 密境行者全宝箱三星攻略丨宝箱丨秘境行者丨攻略丨三星完美通关丨明日方舟终末地,9,-1,-0.6992005,-3.5934725,-6.542438,-2.8331807
BV18pZ7BCEiy,《高 撕》,1704275,131669,57331,37376,1611,高 撕,2,-1,-2.10525,4.355953,3.7953331,4.680693
BV18rfwBuE2v,【货币战争攻略】试用灵砂A830竟能把把游龙乱杀？灵砂标准出装配队思路解析！击破的版本答案！砂姐真王朝了 灵砂不是区！,492986,34400,3183,12871,5355,货币战争攻略 试用灵砂A830竟能把把游龙乱杀 灵砂标准出装配队思路解析 击破的版本答案 砂姐真王朝了 灵砂不是区,9,-1,1.55617,-6.4901075,-5.970923,-3.7834215
BV18rfwBuEmw,10年前新生代奥特曼最强单元回是怎么拍出来的？原来，这部动画影响了田口那么多…【THE ULTRAMAN X-FILES】,214061,18620,10425,6490,669,10年前新生代奥特曼最强单元回是怎么拍出来的 原来 这部动画影响了田口那么多  THE ULTRAMAN X FILES,0,-1,0.5773746,-0.6848791,-1.5297525,10.557972
BV194fEBXEbS,秘密基地里来了一个特殊的孩子！,2902619,332345,232971,36228,1373,秘密基地里来了一个特殊的孩子,1,-1,1.6169055,0.9212083,2.224428,-1.5197362
BV19cfBBGERa,【明日方舟】阿米娅：你这个偷腥猫🐱🐱🐱,28242,5889,1209,1477,122,明日方舟 阿米娅 你这个偷腥猫,6,-1,-2.5846922,0.075568385,0.7459598,2.8278222
BV19CfKBWEv9,白子哈气了,1049151,86931,998,14787,3274,白子哈气了,4,-1,1.8926674,3.270885,1.0753559,-1.776781
BV19eZDB5EZX,出土文物。,1298223,87189,1100,8680,1435,出土文物,2,-1,-0.40460393,1.4792224,4.5347614,4.7010636
BV19nfzBEEZw,你不会是我老板的妈妈吧？,264865,24440,635,6998,112,你不会是我老板的妈妈吧,1,-1,4.274268,5.1541595,0.13243218,-2.9845471
BV19rZXB7ELK,王者也是好起来了，过年期间竟然能匹配到这么多真人,2144834,100278,3368,2871,1359,王者也是好起来了 过年期间竟然能匹配到这么多真人,7,-1,5.687129,-2.7705595,-2.3286116,-6.343966
BV19tZWBeEBG,活着出来就给你100块，世界最危险的游乐场，你敢玩吗,715517,21615,836,7134,285,活着出来就给你100块 世界最危险的游乐场 你敢玩吗,7,-1,7.4530926,-3.1357765,-2.3506813,-8.74465
BV19VfyBtECZ,【Bad apple × BA】“Bad Archive!!”（完整版）,89884,20955,6836,9132,1011,Bad apple   BA  Bad Archive    完整版,0,-1,-3.6683707,1.3231212,-1.5615585,9.066019
BV19wfBBrEHE,【终末地】打桩战神！公测大改强度如何？伊冯保姆级攻略！武器配队 装备 专武 技能 抽卡 潜能 明日方舟终末地,92407,3384,1296,1193,184,终末地 打桩战神 公测大改强度如何 伊冯保姆级攻略 武器配队 装备 专武 技能 抽卡 潜能 明日方舟终末地,9,-1,-2.2574131,-6.800816,-6.459285,-2.9250746
BV1A5fpBEEhW,蛋仔派对：用门分家？一头是我，另一头是秀儿！,3066152,36816,1875,43420,41,蛋仔派对 用门分家 一头是我 另一头是秀儿,4,-1,0.096598014,1.6609517,1.9265938,0.580568
BV1aAZrByEGT,苹果味饮品为何突然爆发？【暗中观察425】IC实验室,951813,26321,2695,8617,3255,苹果味饮品为何突然爆发  暗中观察425 IC实验室,0,-1,-3.2185946,-0.10492626,3.367027,7.0433664
BV1AbfMBkEx7,爱弥斯的大胜利,137228,12616,3258,4091,842,爱弥斯的大胜利,2,-1,-4.3911896,1.8576806,2.5793974,7.3705907
BV1ACfNBvEbg,周杰伦《霍元甲》每唱一个“霍”字就加速0.1倍,706108,64213,1345,8278,4823,周杰伦 霍元甲 每唱一个 霍 字就加速0 1倍,0,-1,-3.4290717,0.3273772,8.218675,4.6101522
BV1aDf7BEEN6,所以，职业选手也在用的“技巧”其实是多年未修的bug？,1173695,28984,2957,11460,1762,所以 职业选手也在用的 技巧 其实是多年未修的bug,1,-1,2.003773,2.9543002,-1.6841052,-1.1039599
BV1aDfMB4EWF,三角洲干员专属BGM排行,939225,43752,1328,42603,141,三角洲干员专属BGM排行,0,-1,-3.7583714,1.1233017,0.9639839,4.4178233
BV1AmfrBBEzV,【熊人修仙传第四集】敢不敢赌一把？我在自制一部熊出没系列的影视短剧！,165451,20654,10297,3888,690,熊人修仙传第四集 敢不敢赌一把 我在自制一部熊出没系列的影视短剧,5,-1,-4.1541395,-0.6076409,-5.799415,1.1680561
BV1AmfTB6Ejb,这小猫太可怜了,151866,13804,682,592,316,这小猫太可怜了,3,-1,4.7425656,2.770343,-1.0149754,-3.5155797
BV1aPfPBVEo1,这就是行驶了一百万公里的的发动机,308097,11312,722,1361,412,这就是行驶了一百万公里的的发动机,1,-1,3.4276795,3.7148273,-1.8635684,-1.2908263
BV1APZyBrE5j,“带你沉浸式体验半夜偷吃的惊险时刻”第36集,1745627,184874,15672,45170,332,带你沉浸式体验半夜偷吃的惊险时刻 第36集,5,-1,-2.1587565,-2.078469,-6.13627,4.4880085
BV1aSZeBFEVM,携手哥哥姐姐弟弟妹妹们给大家拜年啦！,968015,89341,8484,15370,1190,携手哥哥姐姐弟弟妹妹们给大家拜年啦,4,-1,2.3914886,2.1029909,0.9294305,-4.997793
BV1atZWBeEbx,某些吃播博主成名之后,2346482,83180,822,3309,302,某些吃播博主成名之后,2,-1,-1.2066813,1.590006,5.2241416,1.3021349
BV1avfFBvEn7,大哥和汉堡杂交了！？,890365,39266,794,2489,666,大哥和汉堡杂交了,4,-1,1.1174104,3.0146623,2.1076512,-1.4002451
BV1azfiBBEWT,一万转干他！？兰博基尼疯了...,126508,7750,1108,1265,169,一万转干他  兰博基尼疯了,4,-1,2.1837475,1.0491318,2.5370278,-0.42990857
BV1B1cszQELh,当班里来了个可怜人（四）年纪第一还是有实力的！李信本局Mvp太好看了啊啊啊啊,540193,44133,844,5791,190,当班里来了个可怜人 四 年纪第一还是有实力的 李信本局Mvp太好看了啊啊啊啊,3,-1,2.4782522,-0.6813536,-0.5339591,-4.8032484
BV1B3fqB2EvH,速通终末地送货,188805,23132,995,1588,499,速通终末地送货,2,-1,-1.9935156,2.6173322,3.7601528,4.8455234
BV1B4fiB2E9u,大转盘系列堂堂更新！失去了寒假😭也没留住机密😭【暗区突围对局解说】,76936,13399,6088,3560,48,大转盘系列堂堂更新 失去了寒假 也没留住机密  暗区突围对局解说,6,-1,-4.3529563,-5.034282,-3.8971875,3.13286
BV1B4fiB2EK7,T1决定不来！10年后再创队史唯二记录，亚运会新教练公布，为什么会选他？【赛事周刊】,385137,9972,1044,1616,208,T1决定不来 10年后再创队史唯二记录 亚运会新教练公布 为什么会选他  赛事周刊,0,-1,-4.738617,-0.1633025,-0.42403984,6.467528
BV1b5Z1BXESg,这样掏心窝子的姐妹情这辈子不会再有了,4582858,149912,1541,9819,1789,这样掏心窝子的姐妹情这辈子不会再有了,3,-1,7.2623434,1.4315141,-0.028768167,-4.12818
BV1B8fPBsEdp,原摄玩家镜头下，你想象不到的千星奇域……,191259,20420,1194,4097,245,原摄玩家镜头下 你想象不到的千星奇域,9,-1,1.2804992,-4.0964494,-4.138266,-5.4961314
BV1bbfqBNEpj,反美的美国最高法裁定特朗普关税政策不合法,870459,60114,7731,7470,799,反美的美国最高法裁定特朗普关税政策不合法,2,-1,-0.20895855,0.20221168,8.2106495,2.6795008
BV1bbZ9BLEKJ,【2026浙江卫视春节晚会】岳云鹏《上春山》,2190523,99650,17834,14183,29159,2026浙江卫视春节晚会 岳云鹏 上春山,5,-1,-5.006809,-0.98057085,-7.035158,0.77065045
BV1bbZQBqEuF,骑电动车3400多公里回家最后一天,1968366,77546,34337,12444,2212,骑电动车3400多公里回家最后一天,3,-1,3.0958686,-0.006364693,1.9435464,-5.9703755
BV1bCfFBFEnb,碰见这种鱼到底能不能吃？看完视频就知道了。,4180788,345174,30674,40237,1049,碰见这种鱼到底能不能吃 看完视频就知道了,7,-1,7.6117353,-3.6528163,-2.6616704,-7.9694114
BV1BCfHBzEP3,《传闻就是因为这把游戏，他们才分开的》,726513,43119,995,5271,3076,传闻就是因为这把游戏 他们才分开的,1,-1,0.31279504,3.5851707,-1.6295104,-0.12910624
BV1bEfHBdEwe,"以防你忘了,原型体之前假装小男孩骗我感情😭",385566,21840,684,10289,844,以防你忘了 原型体之前假装小男孩骗我感情,4,-1,-1.999656,1.4811919,1.8139247,1.7393702
BV1befzBzEqa,勇哥餐饮：抓住家是本巨大历史机遇！【神奇组织11】,566402,24352,696,2615,448,勇哥餐饮 抓住家是本巨大历史机遇  神奇组织11,3,-1,2.8864405,0.42621395,-3.0620785,-0.0967945
BV1BEZZBBE3w,三角洲 你已急哭,964839,50155,834,22453,3447,三角洲 你已急哭,2,-1,-0.39444533,2.2346358,3.0652347,3.5706642
BV1Bmf5BXE45,我能在逗笑考官的同时通过护航考核吗?#4初心纯女电竞,2691561,94140,11780,22013,12784,我能在逗笑考官的同时通过护航考核吗  4初心纯女电竞,9,-1,2.1079285,-0.97563833,-3.4441674,-3.1808767
BV1bPf1BWEMF,【辞岁行】TA-S-1突袭至TA-MO-1 摆完挂机 简单好抄 明日方舟 萧然,167663,5711,2673,1904,160,辞岁行 TA S 1突袭至TA MO 1 摆完挂机 简单好抄 明日方舟 萧然,9,-1,-1.1707492,-2.2545607,3.149405,-4.9176097
BV1Bvf6BoE5N,1006身份被揭晓！全球玩具实验还在继续！《波比的游戏时间》第五章全收集剧情讲解,104649,8697,2266,4454,146,1006身份被揭晓 全球玩具实验还在继续  波比的游戏时间 第五章全收集剧情讲解,6,-1,-2.1266599,-5.6428623,-5.4566073,4.3612256
BV1bXfBBqEq8,暴雪暴雨来了：南方大范围降雨启动，北方多省还有多场雪,286184,16522,754,968,1103,暴雪暴雨来了 南方大范围降雨启动 北方多省还有多场雪,8,-1,1.5064601,-3.1711292,2.936868,-9.708771
BV1bXfBBqEQK,第一次在芬兰市中心开中国春节美食餐车引爆街头！摆摊卖煎饺茄盒各国老外狂抢场面太疯狂！大排长龙全场爆笑庆春节！,1120886,67903,50598,14080,585,第一次在芬兰市中心开中国春节美食餐车引爆街头 摆摊卖煎饺茄盒各国老外狂抢场面太疯狂 大排长龙全场爆笑庆春节,5,-1,0.32077566,-3.4798903,5.297731,-0.6138241
BV1bXfBBqEyw,爆头击杀直接吃鸡？！他真的变强了，直播间10W人都不能接受！,482614,15869,1805,1395,1010,爆头击杀直接吃鸡  他真的变强了 直播间10W人都不能接受,7,-1,5.2444654,-4.2386847,-2.2926342,-6.3019304
BV1bXfKB7E8o,被误解？但也不冤！一口气把尼古丁的危害讲清楚【药不能停4】,102613,5184,1328,2179,402,被误解 但也不冤 一口气把尼古丁的危害讲清楚 药不能停4,4,-1,2.4287596,-0.52866,5.921712,0.7681817
BV1BxfwBJEBy,1岁半萌娃第一次过年回乡，看到外婆蒸的大白馒头，肉嘟嘟的小脸贴上去啃咬。网友：过年该有的天伦之乐！,2034279,86761,951,3438,1997,1岁半萌娃第一次过年回乡 看到外婆蒸的大白馒头 肉嘟嘟的小脸贴上去啃咬 网友 过年该有的天伦之乐,7,-1,4.345003,-4.114092,-2.3661945,-7.2043467
BV1BYZaBAEK1,总是花钱跑刀？学会思路把把百万不是梦！,1632094,72284,9425,30554,420,总是花钱跑刀 学会思路把把百万不是梦,4,-1,0.87149054,1.4818808,2.6377451,-0.2885071
BV1bzfuB9EWk,【家有神兽】三战第八集：空降兵收复失地准备！雷神特种部队敌后渗透【干杯动画剧场】,888922,71004,38824,21501,4008,家有神兽 三战第八集 空降兵收复失地准备 雷神特种部队敌后渗透 干杯动画剧场,6,-1,-6.6281705,-1.9997044,-4.332272,4.32333
BV1C1fEB6ER5,美国最强廉价路边摊！警察最爱！5元一份有多离谱？,658444,27050,4783,3440,678,美国最强廉价路边摊 警察最爱 5元一份有多离谱,7,-1,6.9571433,-3.7950072,-2.1328528,-8.832562
BV1c5fnB6ELb,我会逆转这注定会失败绝望的残局,709351,57411,2421,7182,1902,我会逆转这注定会失败绝望的残局,4,-1,-0.52698433,0.66369814,-1.5497053,1.4879246
BV1c9ZvBjEar,这次不是挑战，小秋自己又写了一篇作文给所有网友,683431,143368,70810,27791,1502,这次不是挑战 小秋自己又写了一篇作文给所有网友,3,-1,3.851902,0.57543826,1.7659392,-3.7776947
BV1cBfcBWECX,“别急！后面还有糕手……”,518966,25175,1128,1445,129,别急 后面还有糕手,1,-1,2.2774682,4.4224687,0.15561138,-1.7779757
BV1cDfzBZEjs,【流浪者】新超凡英雄老玩家直接白嫖！西里乌斯机制深度解析丨荒野乱斗,120580,7343,939,746,1196,流浪者 新超凡英雄老玩家直接白嫖 西里乌斯机制深度解析丨荒野乱斗,9,-1,1.4483404,-7.4613924,-5.5762343,-4.4384446
BV1CffiBREGB,当lao shi是你哥们时,1385242,110473,6485,11426,1034,当lao shi是你哥们时,4,-1,2.021238,4.1145034,1.6011893,0.04955571
BV1chfMB3E7d,米兰工作花絮2｜小王记者从米兰前方发回了vlog,313432,21417,4657,3404,497,米兰工作花絮2 小王记者从米兰前方发回了vlog,1,-1,-0.5977538,2.2096324,0.4231715,-0.7040381
BV1cJFbzAEY8,被雪王家族夹着打4年，未倒闭，还能怎样优化？（精简版）,366233,28671,526,2007,629,被雪王家族夹着打4年 未倒闭 还能怎样优化  精简版,9,-1,1.5829115,-2.5214667,1.4695054,-5.2696166
BV1ckfABtEBZ,《明日方舟：终末地》干员叙事 [伊冯：完美笑容算法],4008024,75543,9157,12797,10421,明日方舟 终末地 干员叙事  伊冯 完美笑容算法,6,-1,-3.6241317,-2.6610854,-2.6388361,2.9263706
BV1ckfABtEi8,人生建议：不要与母亲结盟攻击父亲,550251,29676,2227,14260,2490,人生建议 不要与母亲结盟攻击父亲,4,-1,-1.2112677,0.58441454,3.1340835,1.7768154
BV1CNfzBbEY5,深挖宇树机器人春晚背后的23个算法,135557,3945,997,3037,740,深挖宇树机器人春晚背后的23个算法,8,-1,5.1843557,-4.666372,-1.9314705,-9.7617655
BV1cqZfBLEBh,我的世界所有方块消失，只剩下基岩！这怎么生存？,3987253,129436,11824,75406,249,我的世界所有方块消失 只剩下基岩 这怎么生存,9,-1,0.23424271,-1.5327808,-6.985362,6.0996294
BV1cRfCBrEMh,黑神话导演制作！影之刃零也要做动画短片？,136532,6491,751,2115,376,黑神话导演制作 影之刃零也要做动画短片,6,-1,-5.238258,-0.8742325,-4.70663,4.0738044
BV1CsZeBjEmJ,“开机没有？我们有很多很多话想对你说！”,1367683,552304,106585,22682,1565,开机没有 我们有很多很多话想对你说,4,-1,1.7981757,1.5455858,1.6098068,-3.1663442
BV1CtfMBGEG8,泰拉瑞亚 新版生存 3,159560,19703,7644,2446,273,泰拉瑞亚 新版生存 3,6,-1,-4.774753,-2.789936,-5.127095,5.4906707
BV1CWfKBTEUe,复制铜镜，逆转未来第七集,1220725,32143,3073,23928,301,复制铜镜 逆转未来第七集,6,-1,-6.0551343,-1.6535453,-4.9205813,4.7221227
BV1CYfHBjEEQ,【星铁欢愉曲】花火续火花（手机掉床缝里了）,286915,58100,14026,29760,5843,星铁欢愉曲 花火续火花 手机掉床缝里了,4,-1,-1.8858129,1.1484919,3.2329795,-0.46749422
BV1cZf3BJEDR,春节在家，选择一张床睡够三晚，赢得五百万,1708125,36204,525,2120,247,春节在家 选择一张床睡够三晚 赢得五百万,5,-1,0.44805187,-2.1713212,6.6085744,-0.07237954
BV1cZfCBzEev,三个人，如何抛硬币决胜负？,246560,29239,2319,3255,654,三个人 如何抛硬币决胜负,5,-1,-0.038881496,-1.7154783,-8.659378,0.7438926
BV1D3fKBLEse,⚡我已经一分钟没听济公的故事了⚡,106009,21858,3356,6146,389,我已经一分钟没听济公的故事了,1,-1,3.2505863,4.239705,-0.3283869,-2.3371289
BV1D4f5BTEE8,万米高空燃油归零，飞机失去所有动力，机上69人如何才能生还,333954,16204,3172,4126,400,万米高空燃油归零 飞机失去所有动力 机上69人如何才能生还,8,-1,1.5432595,-3.7770998,0.31098783,-10.7497635
BV1d5Z6B7EnA,2026春晚Remix📀,3149676,300063,22073,50780,9887,2026春晚Remix,0,-1,-3.4810388,2.7497053,1.453537,5.3190513
BV1d9cLzxEbc,再也不是没猫要的野人啦！,4678316,319073,13158,49690,14188,再也不是没猫要的野人啦,3,-1,3.9031963,1.1775632,-2.2644024,-4.3098345
BV1D9fMBsEXR,中配狮心王理查？Ex Calibur！,1824819,123527,4448,18139,2250,中配狮心王理查 Ex Calibur,0,-1,-4.154793,1.5706425,-0.13058968,5.3403187
BV1DbfjBCEPn,🐧忧郁的企鹅🐧,676064,121967,2764,27154,6190,忧郁的企鹅,2,-1,-4.3012023,2.2972317,1.2330581,5.7105064
BV1DgfMB9ExA,为什么洗澡能让你“换个脑子”？,215404,11407,579,5141,431,为什么洗澡能让你 换个脑子,7,-1,7.018962,-0.65081185,-3.619135,-9.608417
BV1DMfBBqEJJ,融合植物435：超时空撑杆僵尸！,154753,9456,939,1002,290,融合植物435 超时空撑杆僵尸,6,-1,-5.6194735,-1.3225365,-2.9455528,5.153812
BV1dmfcBLEr1,什么人称得上西方秦始皇，欧洲之父？ 3万字详解西方的千古一帝查理曼【查理曼总集篇】,338068,14959,3900,6294,424,什么人称得上西方秦始皇 欧洲之父  3万字详解西方的千古一帝查理曼 查理曼总集篇,8,-1,3.7596877,-5.155057,-4.722915,-5.795012
BV1DMfKB7EqD,麦晓雯提醒您今天是蜂医生日,262041,31347,2390,8114,331,麦晓雯提醒您今天是蜂医生日,4,-1,-0.16521521,2.3276265,5.2580442,2.209445
BV1DMZ3BfED2,【TF家族】《新春荣耀大作战》EP1,8794565,199013,40579,82312,12430,TF家族  新春荣耀大作战 EP1,0,-1,-5.614967,1.7391306,-0.27804142,6.601359
BV1Dnc4z2Evb,第一次悬崖跳水，先扔救生圈没错吧？,3426124,67227,625,1187,122,第一次悬崖跳水 先扔救生圈没错吧,3,-1,5.280863,2.3233514,-1.2175267,-3.8537138
BV1dofNBREZy,《大爱仙尊》动画第30节【方源！你又来抢？】【B站AI创作大赛-开放赛道】,292857,50488,18283,14125,2357,大爱仙尊 动画第30节 方源 你又来抢   B站AI创作大赛 开放赛道,0,-1,-6.5415144,-1.3837905,-1.1230954,6.929627
BV1dPfMBZE3p,本以为是1部喜剧，没想到有4个鬼，可看到最后竟然泪流满面,217516,9604,717,1948,171,本以为是1部喜剧 没想到有4个鬼 可看到最后竟然泪流满面,1,-1,1.4091054,0.8074515,-0.23546697,1.1401616
BV1dQfcBkEeK,《家谁》,1019304,112188,1944,5201,1447,家谁,2,-1,-0.57183856,5.421514,2.8803906,4.29785
BV1DQfMBdE4A,狗族大圣：尊上！！救我！！！,1379451,93067,1092,20551,655,狗族大圣 尊上  救我,4,-1,-0.86451036,1.5591466,6.6406307,5.5582247
BV1dRfqBjEXW,随机数科普：理论上，可以借助铲子让玉米单杀红眼？,322835,13474,800,3567,722,随机数科普 理论上 可以借助铲子让玉米单杀红眼,2,-1,-2.6058211,-0.618464,2.3632286,8.989775
BV1DrZDBzEW3,【星尘原创摇滚】无病呻吟人生指南。,231559,59007,12332,29904,1857,星尘原创摇滚 无病呻吟人生指南,5,-1,-4.116129,-1.1070634,-3.3072984,7.4313984
BV1drZeBvEG1,画狗,7187774,332133,4260,19955,7432,画狗,2,-1,-2.5689993,4.002234,1.8099953,5.4236827
BV1dSZfBKEA9,零上55°C和零下55°C，对人类来说哪个更难以适应？,1732554,27855,588,5165,194,零上55 C和零下55 C 对人类来说哪个更难以适应,0,-1,-0.49030954,1.8158026,1.0723108,9.498387
BV1dTfcBCEHn,最帅的一集！勇者神箭！目前皇室设计最有诚意的一张勇者卡！强大好用且需要一些脑子【皇室战争】,431919,28728,720,1306,4293,最帅的一集 勇者神箭 目前皇室设计最有诚意的一张勇者卡 强大好用且需要一些脑子 皇室战争,6,-1,-4.6663437,-3.7906692,-3.8956337,3.8000183
BV1DtfjB5EE6,天气炎热，埃及塘鲺扎堆出现，有点难以招架,546125,22995,1003,1787,244,天气炎热 埃及塘鲺扎堆出现 有点难以招架,5,-1,0.28683388,-0.9493926,6.8489294,1.8867517
BV1DTfPBgEhd,山姆新品大测评，量大管饱，结尾还有粉丝惊喜！,655230,19022,2943,3374,1263,山姆新品大测评 量大管饱 结尾还有粉丝惊喜,9,-1,3.5335472,-4.1709433,-3.3440573,-5.582109
BV1dtZjBnE5A,歪比巴卜,5060043,227859,3285,35404,21286,歪比巴卜,2,-1,-3.713156,2.866645,2.8260956,5.8353424
BV1dUfcByE2J,粉丝版！开吃！（咱下次留两个字名字好不好～）,887495,53843,942,3287,407,粉丝版 开吃  咱下次留两个字名字好不好,3,-1,3.0928845,0.4759863,-0.7474424,-4.388717
BV1dXZKBWEXS,连跑十把绝密航天都会经历什么46,638505,13088,979,4475,270,连跑十把绝密航天都会经历什么46,7,-1,5.3103666,-1.7194158,-2.2422764,-9.058771
BV1DXZoBxE9W,【熊岭末路行】赌成了！我真要自制一部熊出没影视剧！,3106419,73074,7299,71367,400,熊岭末路行 赌成了 我真要自制一部熊出没影视剧,5,-1,-3.3366861,-1.5076752,-5.585869,1.174671
BV1dZfqB5Eew,“压制”,550086,19896,787,5913,60,压制,2,-1,-0.87724394,3.354646,4.2901936,5.03574
BV1E3fNB4E5A,【TF家族练习生】《TLOG》03：《川渝春晚》幕后花絮,844688,31859,2578,10253,445,TF家族练习生  TLOG 03  川渝春晚 幕后花絮,0,-1,-5.2094507,-1.0735419,-1.73038,8.410769
BV1E3fNB4EMM,我通关了远古版本【饥饿鲨进化】13年前的饥饿鲨居然长这样？？,898358,55149,6696,7223,244,我通关了远古版本 饥饿鲨进化 13年前的饥饿鲨居然长这样,7,-1,6.66674,-4.8517313,-4.0538764,-7.5924196
BV1E3ZhBbEEF,一口气看完方块战争矿石篇,828035,57818,5631,18348,3773,一口气看完方块战争矿石篇,9,-1,1.9080524,-3.3149123,-4.8661733,-5.1884437
BV1E3ZYBTEzh,“当年想出这个镜头的真是个天才！”【春节档观察团】,5092554,286596,7949,39834,2570,当年想出这个镜头的真是个天才   春节档观察团,5,-1,0.5277718,1.3170917,0.49997908,-0.7755483
BV1E5fzBpEq5,寿司还能吃自助？日本已经没有人类了👋🏻,346675,27800,1041,2375,393,寿司还能吃自助 日本已经没有人类了,7,-1,6.6840234,-2.285785,-2.1778836,-8.529552
BV1eAfKBQETL,Mygo 抖肩舞,652707,102047,3731,32433,6025,Mygo 抖肩舞,0,-1,-4.8998857,3.582962,2.5495431,5.8972955
BV1eAZ1BcER6,“月老喝醉财神来配”,1070634,97271,11102,28593,2680,月老喝醉财神来配,4,-1,2.156688,2.96932,2.8811555,-1.2652547
BV1EgfqB7EgX,刀锋上的不是锈，是岁月。,2029587,113363,2652,11636,1343,刀锋上的不是锈 是岁月,4,-1,3.1649704,1.2100158,2.0341516,-2.19746
BV1EGfzBREBQ,你的2026,278501,57180,1514,4512,190,你的2026,2,-1,-2.2296243,2.4789374,1.553648,5.0113845
BV1EgZkBfEAR,我造了一艘号称超级战舰的阿利伯克模型去破冰，没想到沉的那么干脆！,1390402,23108,1355,15073,220,我造了一艘号称超级战舰的阿利伯克模型去破冰 没想到沉的那么干脆,3,-1,4.9039016,1.1579866,-1.2608124,-4.0350227
BV1ehfFBMEvd,复活牢二总被闪击？主播教你跑刀清图得吃大红！,839367,46996,2859,11056,320,复活牢二总被闪击 主播教你跑刀清图得吃大红,9,-1,1.9065088,-5.675872,-4.9918036,-4.4447937
BV1EhZrBxEKf,我的自卑杀死了我的青春，以至于等它结束，我都没反应过来自己已经是个成年人了。,580049,58791,11493,43518,2324,我的自卑杀死了我的青春 以至于等它结束 我都没反应过来自己已经是个成年人了,1,-1,4.1504326,2.8814337,0.76312315,-0.32127464
BV1EhZrBxEKq,赛博人物志 -八级钳工5,1422398,48486,521,2599,402,赛博人物志  八级钳工5,0,-1,-4.819625,-0.21843968,-0.06076128,4.090692
BV1EHZzB9EYA,直击米兰冬奥会！中国队对比赛现场，居然可以吃到这个？？,822606,34550,17031,8436,847,直击米兰冬奥会 中国队对比赛现场 居然可以吃到这个,7,-1,7.5617185,-3.6089504,-2.4917452,-8.115814
BV1EifJBiEuh,MC速通排位周赛世界第一，中国第二,634908,56602,1529,5768,3058,MC速通排位周赛世界第一 中国第二,0,-1,-3.7443283,-1.17401,0.96847564,8.791814
BV1EJfCBvEfk,【终末地】伊冯攻略 超详细配队解析 细节养成作业+进阶技巧,124154,10895,1449,1648,279,终末地 伊冯攻略 超详细配队解析 细节养成作业 进阶技巧,9,-1,1.5629733,-6.441318,-6.0494,-3.7464108
BV1EmfcBjEgX,【FNF X 说谎的马卡龙】feat.girlfriend/重音テト,237317,31644,2287,11979,925,FNF X 说谎的马卡龙 feat girlfriend 重音,0,-1,-5.922856,-0.6242084,-2.4415953,8.450563
BV1EMfqBUEaj,“如你所见，这款游戏真的在慢慢变好”——【鸣潮2025全版本混剪】,91605,12069,2637,5470,1008,如你所见 这款游戏真的在慢慢变好    鸣潮2025全版本混剪,6,-1,-4.37938,0.04813696,-1.1547316,4.8072844
BV1EPfyBvEEq,“当年陈刀仔用20块赢到3700万，如今我8块钱D出三星昔涟不是问题！”,142976,13476,3723,1166,160,当年陈刀仔用20块赢到3700万 如今我8块钱D出三星昔涟不是问题,7,-1,4.088225,-1.2273569,-1.4090323,-10.313828
BV1esfzB1EGM,这么多健身博主，该听谁的？,137667,6043,1788,1816,119,这么多健身博主 该听谁的,7,-1,6.6929517,-0.51194644,-1.2484735,-7.9535985
BV1ETfABHE7m,"""王者荣耀中最最最有用的尸体!""",230145,14673,4563,2290,310,王者荣耀中最最最有用的尸体,8,-1,3.1972613,-4.887603,-5.357225,-6.0909367
BV1ETfqBJEfx,某海外华人歌手想悄悄复出，结果事与愿违,135040,12794,2317,664,124,某海外华人歌手想悄悄复出 结果事与愿违,8,-1,4.070431,-2.49566,0.89864355,-9.34128
BV1Euc7zPEfr,《 过 年 身 体 现 状 》,1606842,114536,24354,60889,823,过 年 身 体 现 状,4,-1,-1.5314735,1.5180542,5.9666967,-0.90149474
BV1eyf6BDEY7,暖男giegie正式升级为4.0版本啦,77459,8981,3213,651,144,暖男giegie正式升级为4 0版本啦,9,-1,2.1614225,-1.8021055,-2.6567338,-4.6669736
BV1F1fABxE2Q,十万粉丝女装！天才赛伊德！,613735,91640,54100,12878,544,十万粉丝女装 天才赛伊德,6,-1,-0.75926065,-2.5917773,2.7906446,0.112739675
BV1F1fABxEtr,"他们说我有臆想症,却不知道这是我唯一见你的方式",149523,24657,777,3096,257,他们说我有臆想症 却不知道这是我唯一见你的方式,4,-1,0.9731869,3.9069471,0.9526631,0.22333747
BV1f2fqBQEmz,灵魂狂响 - 2026 无畏契约圣地亚哥大师赛短片,126630,5608,582,849,2175,灵魂狂响   2026 无畏契约圣地亚哥大师赛短片,6,-1,-5.842468,-2.052293,-2.5806127,5.892515
BV1fbfiBLEUz,黑 料 扎 堆 ！,318560,39952,4053,8450,712,黑 料 扎 堆,2,-1,-1.1705672,1.9188843,4.389277,4.487364
BV1FDfTBBEC8,😨读    评    论😨,324824,14757,4355,3841,218,读    评    论,2,-1,-2.1887805,3.5005229,3.785732,3.677621
BV1FdfTBNEaR,病毒大熔炉，生化试验场，浣熊市的前世今生《生化危机》背景故事,204206,11359,1929,3487,336,病毒大熔炉 生化试验场 浣熊市的前世今生 生化危机 背景故事,6,-1,-4.814754,-3.204463,-4.0733037,3.7417169
BV1FdfTBNEsi,宇树武BOT 天坛祈福：祝福所有人,488467,28288,3469,2611,1796,宇树武BOT 天坛祈福 祝福所有人,0,-1,-3.4914947,1.1435653,0.85867554,6.653019
BV1FdfTBNEVo,可敢担碳中和之责？,584076,90687,14998,11289,27399,可敢担碳中和之责,2,-1,-0.6386632,3.5980206,5.7994704,5.985964
BV1FEZxBJEpy,客机化为火雨，耗时30年破案 - 洛克比空难深度调查：从离奇物证到卡扎菲的落幕,1515845,52281,33073,26004,1620,客机化为火雨 耗时30年破案   洛克比空难深度调查 从离奇物证到卡扎菲的落幕,8,-1,1.7202083,-5.6973786,0.14201784,-10.534943
BV1fEZZBBEQT,眼泪流干了，心就硬了,2694241,173550,6230,4439,1503,眼泪流干了 心就硬了,4,-1,2.0353136,4.044408,1.5757983,-1.5557919
BV1fJfnBKEEE,过年带着蜜蜂去重庆旅游～,1216148,61584,1105,22742,539,过年带着蜜蜂去重庆旅游,3,-1,4.625085,-0.4916537,0.5123372,-6.92959
BV1fNf5BHE8E,英国首相斯塔默的斗争,2041717,125443,41670,17694,1472,英国首相斯塔默的斗争,2,-1,-5.050983,1.6959969,2.8120308,7.5998707
BV1fnfnBvEbR,上千万人看过的动捕女团翻跳？现场第三视角+NG合集来啦！【曦曦鱼】,771475,38336,920,2922,161,上千万人看过的动捕女团翻跳 现场第三视角 NG合集来啦  曦曦鱼,5,-1,-2.1611645,-2.7131867,5.1537557,-3.2074962
BV1FRfuBCEeZ,复刻网上超火的《霉豆腐》,3342837,50627,2045,29800,243,复刻网上超火的 霉豆腐,4,-1,0.12987845,0.572476,5.0226364,-1.850881
BV1fSfqBSExD,当室友拿你照片网恋，你会怎么办？,1048318,41943,1572,29376,1035,当室友拿你照片网恋 你会怎么办,7,-1,5.52326,-1.3258166,-4.0497108,-9.211218
BV1FUc7zqEGZ,「啊，终于接通了。刚才等得我都要睡着了…」,200898,48352,9678,7216,1636,啊 终于接通了 刚才等得我都要睡着了,3,-1,5.3395667,0.8199931,-0.7577358,-4.606608
BV1FwcizQE1T,大家好 我是VAE~,196672,16168,2689,2555,486,大家好 我是VAE,4,-1,0.15166834,3.2364247,2.1370513,2.9188352
BV1Fwf2ByEiF,第五十六集 《全宗恋爱脑，唯有小师弟正的发邪》| 救一人还是救苍生,39371,5619,1334,1023,29,第五十六集  全宗恋爱脑 唯有小师弟正的发邪   救一人还是救苍生,9,-1,0.78556496,-2.9128547,-3.9550543,0.06687183
BV1fWfiBUEfx,我上了超影四千分,376419,32345,845,2120,1518,我上了超影四千分,1,-1,0.2975554,5.626954,1.5381656,1.9706961
BV1FWfwBQEEk,这终末地有力气(2)⚡⚡,438125,47937,547,10561,3185,这终末地有力气 2,2,-1,-0.870162,3.0540702,2.6277626,4.4447384
BV1fXfNBtEKU,航天基地不是三角洲最简单的地图吗？【三角洲行动】,1966794,183331,15301,80223,5543,航天基地不是三角洲最简单的地图吗  三角洲行动,2,-1,-3.7610857,1.4359193,-0.78653294,8.364963
BV1FzfgBCEsv,乌鲁鲁暴风蘸吃！火腿碗芝士+脆虾绝了,500824,40890,3456,5099,1317,乌鲁鲁暴风蘸吃 火腿碗芝士 脆虾绝了,4,-1,0.605973,-0.70963705,4.647209,-2.1977124
BV1fzfgBkEXp,野生的糖人,1951041,42035,598,2127,187,野生的糖人,2,-1,-3.3060136,2.5113137,1.140332,5.7343593
BV1GafCB4EKr,官方整活最为致命【战地6第二赛季】,109084,10620,1565,1843,379,官方整活最为致命 战地6第二赛季,6,-1,-3.5325544,-3.2161205,-3.6686497,3.884226
BV1gDf7BEEzX,这幅画没用一滴颜料,3381447,402793,24764,28827,5789,这幅画没用一滴颜料,1,-1,1.4772031,4.3468423,-1.9994825,-0.66649544
BV1GEfcBKEWM,当我学会打扮，亲戚都说我整容了…,518908,55344,3145,23316,1705,当我学会打扮 亲戚都说我整容了,4,-1,4.4402146,1.7679893,1.6451068,-2.7648108
BV1gfZfBcEhP,《镖人》魔改烂片？那可能是因为你根本没看懂！,1030147,37302,15799,7721,3078,镖人 魔改烂片 那可能是因为你根本没看懂,7,-1,5.495086,-2.7323139,-3.3052354,-6.8560767
BV1gGfMBWEZT,【TF家族练习生】《双城“竞”》EP1：五代月对决初章,707698,17111,1872,5795,1245,TF家族练习生  双城 竞  EP1 五代月对决初章,0,-1,-6.049524,-1.4845566,-0.91246617,7.157943
BV1GicvzzEfK,【星穹铁道乐子大会】奇幻菌子梦游夜,2560665,562625,657294,349681,22957,星穹铁道乐子大会 奇幻菌子梦游夜,6,-1,-6.5344896,-0.9695915,-2.9676108,6.7234426
BV1GjfcBqEb3,暗区突围刀皮丝滑转场(德芙消失术),79542,18803,2482,4622,202,暗区突围刀皮丝滑转场 德芙消失术,6,-1,-5.4430413,-1.9517576,-4.8047442,6.3564005
BV1GLfcBMEPr,【蛊真人手书】“仙尊悔，而我不悔。”,272457,38399,21085,13977,2939,蛊真人手书  仙尊悔 而我不悔,9,-1,-0.5649069,-1.6288074,4.4165907,1.4358182
BV1GNfKBnE4Q,"三角洲行动 25万""稳固导气M7""！稳压无后坐+大口径输出！S8赛季SCAR强度分析与改法教学！",526794,21485,917,10428,1164,三角洲行动 25万 稳固导气M7  稳压无后坐 大口径输出 S8赛季SCAR强度分析与改法教学,0,-1,-5.508583,-1.4461207,-2.1840847,3.8124008
BV1gpfcBYEH7,百亿分之一概率事件,1313465,73021,565,4560,1235,百亿分之一概率事件,2,-1,-3.0490167,2.4631224,2.5808427,8.374354
BV1gPfwBvEj4,4月最顶新番，女主竟是“男孩子”！？2026年四月推荐+吐槽！,194719,7753,997,3379,249,4月最顶新番 女主竟是 男孩子   2026年四月推荐 吐槽,7,-1,4.0225983,-4.493386,-4.0349503,-6.467377
BV1gQZRBJEV2,《原神》法尔伽角色PV——「正如骑士所愿」,1832144,216073,50968,31221,11112,原神 法尔伽角色PV   正如骑士所愿,6,-1,-4.682995,-0.94254893,-3.9734628,6.2401752
BV1GRfHBwEJh,已经纳入九年义务教育,742692,62233,1750,14181,13560,已经纳入九年义务教育,2,-1,0.2159313,2.5191147,4.222224,3.4380486
BV1GSZeBcEGe,新年好呀，给大家带来一期憋笑挑战。,2484798,157143,1221,24840,1789,新年好呀 给大家带来一期憋笑挑战,3,-1,2.6483479,-0.6959694,-3.3338358,-3.9081836
BV1guZeBtEQh,爱是比群星更遥远的事物，而人们的冷漠却比地狱更接近现实🥰【同桌系列完结卷】,958719,113974,20107,47888,3324,爱是比群星更遥远的事物 而人们的冷漠却比地狱更接近现实  同桌系列完结卷,6,-1,-5.6753354,-1.9882902,-5.5801773,4.116436
BV1gWfAB6EQx,雾影削弱的最大输家？创立柱间实战思路,608447,34910,1875,3183,261,雾影削弱的最大输家 创立柱间实战思路,9,-1,-0.70416135,-2.6057694,-2.5933228,2.4271126
BV1GYfCBdEBh,【终末地】密境行者 全三星宝箱攻略 简单好抄 压力感应/吊装辅助/乘风/工业化迷宫/高热拦截,189553,7237,2600,2673,524,终末地 密境行者 全三星宝箱攻略 简单好抄 压力感应 吊装辅助 乘风 工业化迷宫 高热拦截,6,-1,-4.7792406,-5.586396,-3.7253668,3.3451495
BV1gZfJBHEMN,什么？可以在原神里堵桥了！蒙德城行动【千星奇域】,1450145,125577,6277,30499,36803,什么 可以在原神里堵桥了 蒙德城行动 千星奇域,6,-1,-4.909591,-1.6166811,-3.0786545,5.144428
BV1H1ZHB5Eiw,粉丝连麦：三年挣500万想买跑车，年轻人要守得住财,251398,17247,674,1227,203,粉丝连麦 三年挣500万想买跑车 年轻人要守得住财,7,-1,5.835909,-2.8921185,-2.251965,-9.876817
BV1h4fqBiE3V,这个亚瑟有说法的，一直在支援队友，看来是个高手,481102,41102,1907,1233,469,这个亚瑟有说法的 一直在支援队友 看来是个高手,1,-1,2.3803291,1.4652401,-2.3830285,-0.7125118
BV1hBfwB3EZt,在波浪桥上瞬间加速1000km/h谁能刹停？,424821,12323,657,4236,116,在波浪桥上瞬间加速1000km h谁能刹停,3,-1,3.3209126,-1.7307441,-0.5744691,-5.8401127
BV1HBZSBXE7z,2026年了！当初把鱼缸嵌进柜子，5年后柜子烂了吗？,6019864,105091,2703,11876,1398,2026年了 当初把鱼缸嵌进柜子 5年后柜子烂了吗,7,-1,6.944214,-1.2968079,-2.8625185,-9.103298
BV1HcfGB7EML,【循环歌单】⚡雪地里传来了跑操声⚡,3482251,118950,10822,142200,242,循环歌单  雪地里传来了跑操声,5,-1,-4.464387,1.3696901,-2.1837518,7.7306075
BV1HCfqBREtU,【无用联萌】谁还不是个超能力者了？（1-13合集）,161758,16247,4571,6707,395,无用联萌 谁还不是个超能力者了  1 13合集,6,-1,-1.6146226,-1.5728815,-4.395759,0.3833024
BV1HcfqBWELq,[全网首发] 迷你世界与minecraft跨平台联机,1738361,192957,26636,52766,97834,全网首发  迷你世界与minecraft跨平台联机,9,-1,-0.8890461,-3.90526,1.3744832,-7.9842796
BV1hEfcBKEXu,【王安石】死别“春风又绿江南岸”,132672,36009,7483,16891,1784,王安石 死别 春风又绿江南岸,4,-1,-1.3537527,0.16505668,8.483543,0.8440859
BV1HHfVBQE8K,开局只是小兵！升级可以变成典狱长？！我的世界,3272363,68773,2900,58555,391,开局只是小兵 升级可以变成典狱长  我的世界,6,-1,-4.772498,-1.4777917,-6.536477,5.890802
BV1HifHB5EWK,我做了一把过于极端的矛,683527,50081,3715,13948,909,我做了一把过于极端的矛,1,-1,3.6101072,6.0041986,-1.0391742,-1.2238898
BV1hkfiBiEzH,冷脸萌我一直吃不腻,368301,49775,1917,15047,789,冷脸萌我一直吃不腻,4,-1,1.3596249,0.7032869,1.0404116,1.8576126
BV1HmZYBkEBW,过年你们家饭桌上的亲戚,4817705,197069,2952,7494,3325,过年你们家饭桌上的亲戚,4,-1,1.7749691,2.5355175,5.4451985,-1.2949302
BV1HNfzBbEzR,“你是对的人！不得不承认！”,733087,8289,697,2120,106,你是对的人 不得不承认,7,-1,6.892307,-0.33372477,-3.5611072,-9.549867
BV1HoZxBpESi,大油肩膀带货王翻车，自然赛开挂没人敢封,1897153,72337,1551,3958,780,大油肩膀带货王翻车 自然赛开挂没人敢封,9,-1,2.7309573,-1.4568373,-0.49360836,-5.4671154
BV1hQfMBdEBt,在山东我们不说..,1241811,71772,959,5740,5089,在山东我们不说,4,-1,3.2782593,3.2685015,0.6141888,-2.4556
BV1hQfMBdEyp,“这难道也是1万多的声音吗？”,890244,53186,734,10677,372,这难道也是1万多的声音吗,1,-1,4.6031914,5.0401053,-1.5166749,-1.7631809
BV1hrfiBTEzA,小企鹅的笑容是完美的笑容算法吗？【终末地幼儿园】,1314281,75469,3067,9980,3576,小企鹅的笑容是完美的笑容算法吗  终末地幼儿园,2,-1,-3.7893944,0.66487265,-1.8939031,6.2148614
BV1htfNB1EwW,万字文案！绝对硬核！一期视频搞懂遛鬼基础与入门｜第五人格,65168,9377,4168,6585,1655,万字文案 绝对硬核 一期视频搞懂遛鬼基础与入门 第五人格,9,-1,0.070273444,-4.7794743,-4.8440747,-4.358503
BV1HVfnB3Eus,可惜你不是东北人 不知道东北嫡长女的含金量,1602170,99498,1065,15252,1760,可惜你不是东北人 不知道东北嫡长女的含金量,4,-1,3.2514772,0.33435303,0.8023753,-4.2513
BV1HVZ2BVEzC,【2026·2月电脑配置推荐】爆肝实测！过年装机答案，4千~3万预算 共15套性价比配置，小白无脑攻略！diy整机主机,1168814,41816,18872,17363,1504,2026 2月电脑配置推荐 爆肝实测 过年装机答案 4千 3万预算 共15套性价比配置 小白无脑攻略 diy整机主机,9,-1,2.4223912,-5.655625,-5.246596,-4.8582983
BV1hXf6BLEkq,《鸣潮》共鸣者「陆·赫斯」PV | 关于“真相”,1115676,52778,23795,7471,9044,鸣潮 共鸣者 陆 赫斯 PV   关于 真相,6,-1,-5.0034685,-1.2285649,-3.87692,6.063216
BV1hyfiBNELT,Eco局起手枪不小心起到蜂刺了怎么办？,210047,20042,3344,1830,144,Eco局起手枪不小心起到蜂刺了怎么办,9,-1,2.1552782,0.12514496,-4.520558,-1.1922728
BV1i1ZiBrEYo,【小曲一响，主角登场】2025年最火のFunk音乐合集，很多人听过却不知道歌名！,1840402,91406,11351,99394,75,小曲一响 主角登场 2025年最火 Funk音乐合集 很多人听过却不知道歌名,5,-1,-2.8826756,-3.7005386,4.1669583,-1.3497092
BV1i5fqByEaK,带妈吃！上海最著名的“和平饭店”吃一顿！得花多少钱？,232338,9533,2247,1490,349,带妈吃 上海最著名的 和平饭店 吃一顿 得花多少钱,7,-1,5.4680605,-0.8626164,-0.8639546,-8.343459
BV1i7ZdBhExH,【新人UP自我介绍】我的世界 特战合成旅,742166,85209,10003,69796,281,新人UP自我介绍 我的世界 特战合成旅,6,-1,-5.5975065,-1.0353881,-2.387129,4.546095
BV1iBfKBoE3c,记者问谷爱凌为何反应这么快，谷爱凌这样分析自己的脑回路,204884,19376,586,5682,470,记者问谷爱凌为何反应这么快 谷爱凌这样分析自己的脑回路,1,-1,2.1829762,1.1796894,2.2729247,-8.935743
BV1iBfKBoEGb,[自制动画]Rien's Table,234407,32131,20400,18876,4594,自制动画 Rien s Table,0,-1,-5.2443795,1.361562,-1.1162032,6.2132125
BV1icfJB8E46,当你把两大神曲放一起时,84296,21276,1504,14065,759,当你把两大神曲放一起时,1,-1,3.2094958,2.9065697,-2.9948852,-2.3124373
BV1igfcBrEbN,我的世界但是所有物品都是摔炮！,405428,13453,1075,6147,57,我的世界但是所有物品都是摔炮,6,-1,-0.36212903,0.9068451,-6.9869385,5.793888
BV1igfcBrEpW,喜人春晚作品从夯到拉,540607,14492,678,4688,549,喜人春晚作品从夯到拉,5,-1,1.8261436,-0.7456601,3.7844656,-7.1514482
BV1ihc5zpEgh,真实事件改编！扒火车、砍脚筋、杀警察！国产反扒片《毕正明的证明》,2524293,47262,3899,16518,765,真实事件改编 扒火车 砍脚筋 杀警察 国产反扒片 毕正明的证明,5,-1,-0.32898542,-4.7042365,5.562297,-4.4946523
BV1iKfgBKEnL,当外国女友回我老家过年 我就知道它该出山了,4279798,185225,1306,12651,1471,当外国女友回我老家过年 我就知道它该出山了,3,-1,6.3334384,-0.12569313,-1.5445836,-5.3594484
BV1iqfKBtEFw,【全站最硬核】一分钟告诉你《镖人》原著到底有多好看！,167989,5696,2885,3250,1120,全站最硬核 一分钟告诉你 镖人 原著到底有多好看,7,-1,3.9438305,-2.370155,-3.952552,-6.5080395
BV1iUZBBjEC8,如此销售,3280813,110090,1627,7455,12074,如此销售,2,-1,0.07803714,4.669071,3.5069733,4.2918935
BV1iVfqBLEPa,弈星玩家集合了，弈星超级焚决教学！！超级干货！,118436,7744,925,1818,320,弈星玩家集合了 弈星超级焚决教学  超级干货,9,-1,3.681984,-4.052844,-5.0245786,-4.8885155
BV1iYfiBkEwM,复活吧，我的月神！,124622,14763,1139,3134,2637,复活吧 我的月神,6,-1,-4.365517,0.32845515,-1.5453246,4.4087024
BV1j4ZqBkEjD,叫你当回头率百分百的男人,4521335,183785,1223,12110,6740,叫你当回头率百分百的男人,4,-1,0.65460634,1.3353719,2.0857809,1.5000387
BV1j5fqByE1o,曲婉婷给中国人民拜年啦！这大过年的真的是(_______)？,173502,20008,1006,1236,139,曲婉婷给中国人民拜年啦 这大过年的真的是,3,-1,5.143076,0.1428426,0.24600671,-5.155528
BV1j5fqByEcy,湛江妈祖游神乩童替换事件全复盘，造谣和引战是怎么来的？,163174,6667,1843,866,727,湛江妈祖游神乩童替换事件全复盘 造谣和引战是怎么来的,8,-1,4.4768662,-3.4597518,-1.1885928,-9.637071
BV1J8fKBPEDL,萧炎卖你一万块！不充钱只配退婚！斗破苍穹手游有多逆天？,266070,15179,5408,3810,1330,萧炎卖你一万块 不充钱只配退婚 斗破苍穹手游有多逆天,7,-1,4.885819,-5.6499767,-5.6065965,-4.899493
BV1Jaf7BhEP6,最近怎么越来越多爸爸来买小朋友球拍,2961852,187649,1259,6618,2745,最近怎么越来越多爸爸来买小朋友球拍,1,-1,2.5531836,3.229381,-1.7212896,-2.9311764
BV1jAZfBBEBn,朊病毒：法则之外的幽灵，如何在大脑里埋下三维陷阱,1615445,179056,4420,22088,1402,朊病毒 法则之外的幽灵 如何在大脑里埋下三维陷阱,2,-1,-3.0870345,0.5489521,2.184666,8.617208
BV1jaZrBREWZ,我只说一次，辛巴巴巴鲁比拉是啥意思,3938073,277761,2003,28230,4309,我只说一次 辛巴巴巴鲁比拉是啥意思,4,-1,-0.45115274,2.52281,1.320894,2.2822871
BV1JBfJBNEqw,理想中的过年,1632455,161645,2437,10049,3743,理想中的过年,2,-1,-1.7434,4.1391177,6.093621,-0.85762846
BV1JcfcBmEay,三角洲行动×海底捞 蜂医生日快乐！和所有的大红说嗨嗨！,639989,58185,3080,10158,4834,三角洲行动 海底捞 蜂医生日快乐 和所有的大红说嗨嗨,5,-1,-0.79991466,-0.9584024,3.9427803,-0.8687946
BV1Jef7BFEiq,世界第一的 · 公 · 主 · 殿 ·下 ·,159406,36277,4871,13141,1287,世界第一的   公   主   殿  下,6,-1,-1.328506,1.3247588,-0.98221326,3.4836419
BV1JEfCBKE1g,冰 天 雪 地 好 朋 友 ！【青春旅行团13】,121090,24422,17542,7785,1714,冰 天 雪 地 好 朋 友   青春旅行团13,5,-1,-3.3644965,1.4246254,-0.034167722,7.018915
BV1JEfuBMEiK,这一年，我把所有想做的事都做完了,253070,24599,10137,8898,1938,这一年 我把所有想做的事都做完了,1,-1,3.0532725,5.7181783,0.1844194,-0.103720024
BV1jeZrBWEw6,【波比的游戏时间】世界纪录!! 全五章 无故障速通,380651,23584,6373,18311,743,波比的游戏时间 世界纪录   全五章 无故障速通,6,-1,-5.759054,-1.3564322,-4.075421,5.0662937
BV1JJfCBvE1y,⚡说 脏 话 会 被 电⚡,150928,12448,2414,4926,1090,说 脏 话 会 被 电,2,-1,-0.56860673,3.745104,3.499878,1.6207149
BV1JkfHBgEpS,我们在极限模式登顶了珠穆朗玛峰！！,371807,26785,2465,15468,335,我们在极限模式登顶了珠穆朗玛峰,3,-1,3.6142929,0.7201054,0.18901716,-6.5437293
BV1JNfqBDE2J,春节回乡2天，县里来了位“AI医生”,154757,16528,1789,1946,61,春节回乡2天 县里来了位 AI医生,3,-1,4.547551,1.8709046,2.1963365,-2.5157998
BV1jTcszUEGn,老二次元决战超市之巅！,1897660,59977,5086,18202,1685,老二次元决战超市之巅,9,-1,-0.8564071,-4.000626,-3.2616262,1.6603171
BV1jTfcBCEr4,边牧战斗力什么水准,748078,32312,1044,1517,632,边牧战斗力什么水准,9,-1,0.77559656,-1.518837,-6.6456213,-3.0046716
BV1jTfyBYEmp,三菱造船等20家日本实体被列入出口管控！,166244,12252,921,1013,1059,三菱造船等20家日本实体被列入出口管控,2,-1,-0.18618263,0.42567724,8.21576,2.7850535
BV1JtZrBtEqV,谷歌翻译20次《水饺》然后自己唱出来,443390,31295,945,6450,1562,谷歌翻译20次 水饺 然后自己唱出来,3,-1,3.4120772,1.2047331,-2.9757223,-2.4012165
BV1JUfABWEsD,一场清末命案换来我家三代人的血恨复仇史,374081,33799,1701,8554,490,一场清末命案换来我家三代人的血恨复仇史,5,-1,-1.1340414,-1.095959,4.2839165,2.380574
BV1JufNBZEdU,终末地狂冲盾止现状,409050,36575,2279,3059,5707,终末地狂冲盾止现状,6,-1,-3.005439,-0.7185253,-3.9724479,6.0610948
BV1jVfAB7E8N,耗时半年，我做出了月计版人生重开模拟器,123122,11572,2783,7857,2102,耗时半年 我做出了月计版人生重开模拟器,9,-1,0.9583014,-1.3285712,1.5318147,-5.121123
BV1JXZdBqE67,当我意识到我和妹妹喜欢同一个人,542179,54498,3013,3125,521,当我意识到我和妹妹喜欢同一个人,1,-1,2.333226,5.2158175,0.7218701,0.07249208
BV1JYfBBHEP4,【大鸣王潮1566】勇敢者的奖励,444790,51030,15626,5509,2101,大鸣王潮1566 勇敢者的奖励,6,-1,-3.8114069,-2.4612727,-3.32429,5.083146
BV1k7fwBREj6,打完这把麻将，年，就过完了！,424274,11676,4468,1969,909,打完这把麻将 年 就过完了,1,-1,1.8240955,4.858405,1.1986244,-1.5925733
BV1K8fcBZESc,我将继承父亲的意志,2549846,204682,2822,22522,1239,我将继承父亲的意志,1,-1,3.0547357,3.6509898,-0.7316175,-0.122300774
BV1k8fJB6EYR,爱因斯坦巧用微积分智斗绑匪（迫真）,2572648,171651,14828,63645,15940,爱因斯坦巧用微积分智斗绑匪 迫真,5,-1,-1.289047,-1.6782551,3.601621,1.2916201
BV1KCfTBVEEm,依旧胡赝品,184227,22964,723,1620,2352,依旧胡赝品,2,-1,-0.89859,3.4812722,4.076015,4.2647123
BV1kHZaB6Eed,东鹏特饮那个透明盖到底干嘛的？答案藏着它1300亿的秘密,1241335,27986,1571,7327,950,东鹏特饮那个透明盖到底干嘛的 答案藏着它1300亿的秘密,8,-1,5.567362,-3.8598242,-1.4839067,-9.994913
BV1khZeBGENz,我在100天内完成了MC中所有成就！,1241641,60421,13514,29305,340,我在100天内完成了MC中所有成就,1,-1,-0.87342453,5.588908,1.7767279,3.6397307
BV1kjfFBmEcF,循环歌单|【Montagem Supersonic】|“【耐杀王の小曲】”,2796646,77583,751,21290,184,循环歌单  Montagem Supersonic    耐杀王 小曲,0,-1,-6.8402185,1.8349108,-2.1666663,7.831339
BV1kJfwBWEbd,三角洲行动23万粉丝UP主读评论，你确定不来看？,337800,42507,8911,35836,48,三角洲行动23万粉丝UP主读评论 你确定不来看,3,-1,3.6166525,-0.03315367,-3.181659,-4.694476
BV1kjfwBxEwJ,古代的龙袍真的不能洗吗？那穿臭了怎么办#历史冷知识 #龙袍,1962833,72220,742,3094,201,古代的龙袍真的不能洗吗 那穿臭了怎么办 历史冷知识  龙袍,8,-1,0.34846875,-2.1450784,8.590355,0.5602019
BV1kLfFBEE5w,【单三天才】赛伊德挑战 11=0→?,1358023,76896,4246,7828,862,单三天才 赛伊德挑战 11 0,0,-1,-3.5335743,-0.84371835,2.1796725,8.788807
BV1kMfrBNEG7,这期神了！史上最烧脑！白井智之《药瘾侦探Ⅱ》,122355,13688,16300,4629,322,这期神了 史上最烧脑 白井智之 药瘾侦探,6,-1,-0.2457007,-4.3634963,5.2375693,-4.320245
BV1kMZZBLErU,入侵我国最成功的物种是谁？,1960624,51732,770,2105,368,入侵我国最成功的物种是谁,8,-1,5.4026423,-2.5155659,-2.299153,-9.183161
BV1KofLBiEuT,我们是兄弟…不要多想…#翻唱#兰亭序,1762933,120717,2500,10300,23531,我们是兄弟 不要多想  翻唱 兰亭序,3,-1,4.0413313,0.49591684,1.7355629,-3.5573366
BV1KqfTB7ERm,惨烈无比！后劲巨大！推理超神！没有动画化的篇章-《金田一少年事件簿》之异人馆村杀人事件！,176318,7716,3890,3940,413,惨烈无比 后劲巨大 推理超神 没有动画化的篇章  金田一少年事件簿 之异人馆村杀人事件,6,-1,-6.443084,-3.612457,-4.952723,3.8397877
BV1KQfVBwEFD,1006与1007？！身份与往事！最长脑子的一集！剧情个人解释！Poppy Playtime第五章！,530422,20833,2590,9301,388,1006与1007  身份与往事 最长脑子的一集 剧情个人解释 Poppy Playtime第五章,6,-1,-6.23885,-1.9658598,-5.632103,3.4272757
BV1KrfEB5E2y,翁法罗斯谋杀案,120091,35448,3306,7919,483,翁法罗斯谋杀案,2,-1,-4.642651,2.7362566,2.904631,7.7501807
BV1KufwBwEZ1,玩到无聊也不学？摆脱手机依赖症！,208730,19411,5277,22996,1170,玩到无聊也不学 摆脱手机依赖症,2,-1,-0.69915605,0.73059106,5.8783464,1.028892
BV1kvFDzhEar,六亲不认一心走线，润美后签卖身契成「期货死人」，传奇润人“甜甜圈”,3086683,127993,7934,22211,4941,六亲不认一心走线 润美后签卖身契成 期货死人  传奇润人 甜甜圈,5,-1,-5.0840054,-0.027557183,-0.43056512,5.2633157
BV1kVfFBSEfv,我把旺财教得如何,1510345,179858,873,14517,11417,我把旺财教得如何,1,-1,4.013407,4.413859,-0.505675,-2.1257129
BV1kWZrBcEHx,有 点 长 3,7237957,612867,414013,209386,78178,有 点 长 3,2,-1,-1.9011216,5.6989007,2.9448254,3.6397548
BV1kXZZBLEbP,赛场罕见的大狙放人顶级名场面！Jame大心脏操作震撼全场！带领PV杀入PGL总决赛！,702076,21959,547,1044,1021,赛场罕见的大狙放人顶级名场面 Jame大心脏操作震撼全场 带领PV杀入PGL总决赛,9,-1,0.31241536,-3.4790678,3.130977,-5.5829897
BV1L3ZBBkENN,《飞驰人生3》“全是默契”正片片段｜90秒极速换胎，把极限时刻变成默契主场！,935044,30634,1064,5225,1102,飞驰人生3  全是默契 正片片段 90秒极速换胎 把极限时刻变成默契主场,5,-1,-4.506822,-1.4940298,-2.5530713,3.7138796
BV1L7ZhBsEk4,中国美式家庭的日常罢了,1992204,144318,5114,29500,8929,中国美式家庭的日常罢了,4,-1,1.2535466,1.8432862,5.106386,1.1533164
BV1LJfTBfEXk,【终末地】莱万汀单人狂冲盾止  《影拓丰碑》单人通关+语音详解   |魔法Zc目录,370900,29993,2715,1519,1531,终末地 莱万汀单人狂冲盾止   影拓丰碑 单人通关 语音详解    魔法Zc目录,6,-1,-5.8823886,-3.6458945,-4.678104,6.0827837
BV1Lkf7B9E5t,今天我要拍的演员是____,1073811,114005,1916,14079,2035,今天我要拍的演员是,1,-1,0.45599368,5.2631593,0.11804945,-0.501283
BV1LnfzBEES4,“我叫孙哮喘”“老公你说句话啊”,102050,8040,734,1497,188,我叫孙哮喘  老公你说句话啊,3,-1,3.9408333,2.1851084,0.55332166,-3.192972
BV1LPfMBfEhd,【时代少年团】2026十八楼联欢晚会-超长花絮大放送,639100,33671,8946,8587,444,时代少年团 2026十八楼联欢晚会 超长花絮大放送,5,-1,-0.19877207,-4.4784055,6.1063333,-3.0123568
BV1LQfHBPEFx,查理斯整治过年烦人亲戚,397732,10243,4162,1748,5260,查理斯整治过年烦人亲戚,5,-1,0.42763942,-1.233919,5.7952514,0.25550982
BV1Lrf7BsENG,好朋友就是要一直黏在一起,588094,58714,4088,25236,3011,好朋友就是要一直黏在一起,4,-1,0.5881051,4.5774007,2.3323166,2.0516686
BV1LsfCBwEkD,英国博主：太激动了 终于拿到老外们梦寐以求的中国五星卡,119395,10008,4547,1040,157,英国博主 太激动了 终于拿到老外们梦寐以求的中国五星卡,7,-1,7.2315707,-2.762953,-2.1554785,-7.64874
BV1LxZqBVEsz,史上最疯狂的推理！白井智之《药瘾侦探Ⅰ》,342994,20846,19495,8552,793,史上最疯狂的推理 白井智之 药瘾侦探,6,-1,-1.9666843,-3.4312859,5.3124204,-4.3519025
BV1LyZfB6EXW,全部照抄喜羊羊？劣质盗版很猖狂【周余】,126439,8900,955,1745,83,全部照抄喜羊羊 劣质盗版很猖狂 周余,5,-1,-0.7356098,-2.0062227,6.7783346,-2.8722157
BV1m5ZaBLEfW,国漫第一魔丸 斗罗大陆嘴强王者,2910312,167470,8489,31035,17227,国漫第一魔丸 斗罗大陆嘴强王者,6,-1,-4.8687906,-4.1801405,-3.541013,4.7924805
BV1m9ZaBUEmC,闺蜜说拉拉不是这个意思啊...,1663261,127680,9839,25490,5315,闺蜜说拉拉不是这个意思啊,1,-1,4.8320727,4.08898,0.0054085026,-3.0879421
BV1mAfCBjEF3,⚡ 纯情干员火辣辣 ⚡,129194,12647,1293,2719,297,纯情干员火辣辣,5,-1,-2.1344795,-1.1852394,-0.14287734,2.3243513
BV1mbfcBbEtJ,全网首发，单局 三个 万金泪冠！|巴别塔知道你为何而来,729132,47251,1257,3762,1994,全网首发 单局 三个 万金泪冠  巴别塔知道你为何而来,9,-1,3.1333003,-1.8377489,2.6753483,-5.1425447
BV1MbfqBNETK,万字解说赵本山1990年首登央视春晚小品《相亲》【再见小品之王】,347402,21661,8494,4627,450,万字解说赵本山1990年首登央视春晚小品 相亲  再见小品之王,5,-1,-5.1443443,-1.8711886,-6.1832256,0.97800195
BV1MBfTB2E3k,【断网补全计划123】妈祖换人真假，老高被罚五亿？我的刀盾，xx麻醉师，刘德华解冻失败，openclaw相关，那艺娜被封，短道速滑至暗时刻等,558081,30725,755,3361,512,断网补全计划123 妈祖换人真假 老高被罚五亿 我的刀盾 xx麻醉师 刘德华解冻失败 openclaw相关 那艺娜被封 短道速滑至暗时刻等,5,-1,-1.4815092,-3.9507906,3.343779,-4.7273607
BV1mefjBgEat,狗会点外语很正常吧,603581,71715,1424,11163,2050,狗会点外语很正常吧,1,-1,2.7650528,4.064118,-0.48740003,-3.2146819
BV1mhZkB5EVi,评论区摄影大赛之艺术感篇开启，欢迎投稿好的作品会让更多人看到。,3286552,153283,1452,11758,423,评论区摄影大赛之艺术感篇开启 欢迎投稿好的作品会让更多人看到,3,-1,2.4432027,-1.6155111,-3.5412302,-4.7298145
BV1MJZfBoERS,跑步60公里左右去城里喝新年的第一杯奶茶，花费11个小时！,457334,27467,1070,1625,1177,跑步60公里左右去城里喝新年的第一杯奶茶 花费11个小时,3,-1,2.8705814,1.7418416,1.6666806,-6.026715
BV1mKfwBAEKh,商家死磕消费者！ 今天看看我说的这几点你能回应么？,936993,74509,2000,4552,270,商家死磕消费者  今天看看我说的这几点你能回应么,7,-1,7.177524,-2.264386,-2.821242,-9.74874
BV1mnfJB2EZA,全是名场面！彻底吃撑，大司马：我要验牌，牌有问题,2167045,64700,6357,5063,4197,全是名场面 彻底吃撑 大司马 我要验牌 牌有问题,3,-1,4.601333,-0.2287164,-0.58869976,-4.7494974
BV1MPfwBvE7a,低情商人去老丈人家放飞自我啦！,1602358,64620,1265,4547,2081,低情商人去老丈人家放飞自我啦,4,-1,-1.0343145,2.0321207,4.9765606,0.52939636
BV1MqfTB7EHJ,上古卷轴5X天国拯救X巫师三第十集（确实是！）,111657,7063,1622,1986,259,上古卷轴5X天国拯救X巫师三第十集 确实是,6,-1,-3.285595,-1.0811771,-5.8587856,3.547165
BV1mqfzBqE6A,Asoul简史02：乃琳的不甘心，究竟源自何处？【虚拟封神榜特别篇】,217547,11038,5106,3611,1482,Asoul简史02 乃琳的不甘心 究竟源自何处  虚拟封神榜特别篇,6,-1,-5.427963,-3.5887399,-5.5742097,3.3523946
BV1MrfCBnEip,【蛋仔派对新春团圆宴】2026年蛋仔派对新春会！,209752,4837,611,4468,17,蛋仔派对新春团圆宴 2026年蛋仔派对新春会,5,-1,-3.4340117,1.2406378,-6.7378798,0.10497643
BV1mtfcBFEp9,【𝑁𝑒𝑥𝑢𝑠】“ 第四世代接触者 ”,237775,38217,4030,13579,706,第四世代接触者,2,-1,-3.515929,2.1592166,-0.008337938,4.354485
BV1mTfwBaEnh,这集神了！《神 人》第一集，科比肘击丰川祥！,500146,37371,7264,8104,7572,这集神了  神 人 第一集 科比肘击丰川祥,5,-1,-0.75194454,-2.8613303,4.462439,-4.461887
BV1mUfwBeE5f,XDD单三无名做赛伊德之书 起红弹14两秒融化一队多吓人！被超模老赛踩头打 能不能来点阳的英雄？,445948,6142,554,740,568,XDD单三无名做赛伊德之书 起红弹14两秒融化一队多吓人 被超模老赛踩头打 能不能来点阳的英雄,9,-1,-0.6360224,-2.85494,3.090137,-4.8526335
BV1MuZXBgESL,我那意外横出的合租生活！,2133605,75656,1381,2036,885,我那意外横出的合租生活,4,-1,0.86741275,1.7630523,3.8735673,2.1300473
BV1mWfgBXEkF,英语口语练习,652052,53514,1107,8080,1132,英语口语练习,2,-1,-2.432787,2.0806801,4.1981983,4.1507936
BV1mWZBBYEkg,《这个游戏就是这样的呀》,1509958,42280,927,1716,308,这个游戏就是这样的呀,1,-1,2.7372162,5.4136767,-0.9207692,-1.430618
BV1MxcsziE6c,全球唯一！可口可乐自助餐！128元一个人！到底吃什么？值不值？,6820039,166452,34199,76500,11493,全球唯一 可口可乐自助餐 128元一个人 到底吃什么 值不值,7,-1,5.6461077,-2.0610445,-0.920837,-8.208673
BV1MxfcBhEdo,黄金白银大崩盘，谁是幕后推手？,1195991,58912,21111,18897,8135,黄金白银大崩盘 谁是幕后推手,8,-1,5.429763,-4.0741277,-1.6287926,-10.537384
BV1MxfcBhEzB,“94.75夺冠…太帅了！顶级女Alpha的魅力，真正的强者从不畏惧任何挑战！”,626704,33115,3064,7194,802,94 75夺冠 太帅了 顶级女Alpha的魅力 真正的强者从不畏惧任何挑战,3,-1,4.190456,-2.730873,0.19530001,-6.375997
BV1n1fABxEnR,十年前她是一名COSER，十年后她是一位母亲,122095,10131,611,1811,315,十年前她是一名COSER 十年后她是一位母亲,0,-1,-2.9309423,2.2543335,0.07926782,8.213547
BV1N6fTBLEh5,⁧,260024,30282,886,8354,3510,,2,-1,0.24245091,1.0688072,4.590999,6.176653
BV1NafcB4Eg2,红星照大地～～,559620,67234,1235,26155,7796,红星照大地,5,-1,-0.76206744,1.1566974,5.957344,3.502911
BV1nafJBuE8E,等价交换强的可不只是转化桌！10年老兵带你重新认识经典mod！,615011,29848,1841,3787,389,等价交换强的可不只是转化桌 10年老兵带你重新认识经典mod,7,-1,6.4392366,-3.8124511,-2.3472114,-9.426718
BV1nBfcBpErJ,当你的游戏装了太多模组belike 3.0,548141,35186,623,9719,2125,当你的游戏装了太多模组belike 3 0,2,-1,-3.8886266,0.95730895,-5.8504896,6.0672445
BV1NCfTBVEAm,小时候看这集被ZywOo吓哭了...,2519380,131472,3826,11956,2253,小时候看这集被ZywOo吓哭了,4,-1,-0.93404055,2.637911,2.1952636,0.92408234
BV1NeZhBCEQN,《SHIT奥利给》创刊征稿啦！！！CALL FOR PAPERS,757502,92539,9089,27028,27389,SHIT奥利给 创刊征稿啦   CALL FOR PAPERS,0,-1,-3.3655374,1.9838,-1.0742836,10.16284
BV1NFfjBeEb9,这是王力宏交给我们的一段有关大同的影片。,1008392,94524,56485,27141,13612,这是王力宏交给我们的一段有关大同的影片,1,-1,1.2158219,3.0564747,0.3732272,-0.6422406
BV1NffLBNEpg,「看原神迎财神」2026原神同人新春会,1048261,144427,77083,70081,7858,看原神迎财神 2026原神同人新春会,6,-1,-2.7637584,-2.8297603,-4.190273,1.9416535
BV1nffwBoEo3,【终末地动画短片】错拿了小岛秀夫剧本的终末地众人,200648,14555,2624,4544,3177,终末地动画短片 错拿了小岛秀夫剧本的终末地众人,6,-1,-4.662077,-0.91467255,-4.9388175,3.8736227
BV1NGZtBwELa,【4K限免】你的新设备能顶住吗？影视飓风年度样片,2187154,127206,56790,39467,6205,4K限免 你的新设备能顶住吗 影视飓风年度样片,9,-1,0.33140063,-3.0169775,-3.9798489,-5.3362517
BV1nHZrBaEUq,在平潭度过的难忘一天,309635,23549,14468,3472,1046,在平潭度过的难忘一天,4,-1,0.60438854,3.255045,2.0494475,-5.761032
BV1Njcjz6E3W,长沙某早餐店监控下最丑陋的一幕：千万不要低估人性深处的恶,1825709,64602,1955,6833,1368,长沙某早餐店监控下最丑陋的一幕 千万不要低估人性深处的恶,7,-1,7.2066054,-3.0104723,-2.5349813,-8.416529
BV1nJcvznEXv,挑战特效化妆！把自己画成马！马年大吉！,174585,15260,1409,730,175,挑战特效化妆 把自己画成马 马年大吉,5,-1,-3.9368308,0.55351704,5.585936,0.36958572
BV1nJZDBRESL,Reddit热议：天网功夫T-1000到中国也得拜年,902249,54336,4114,4808,509,Reddit热议 天网功夫T 1000到中国也得拜年,5,-1,-0.84664154,0.0883624,4.820149,-0.059499398
BV1NjZXBvES9,甘蔗还能泡酒？,3984702,78903,1024,5916,655,甘蔗还能泡酒,4,-1,0.7020262,3.1240716,6.536904,3.4481533
BV1nkfcBSE5R,雪地里传来了吟当声,143360,11404,659,4743,1230,雪地里传来了吟当声,1,-1,0.47997284,2.7636964,2.1595373,-1.7131264
BV1nNfABXEjy,蛋仔派对：水方块生存第3天！一个马桶，帮我赚翻了！,2659703,45085,2337,54486,45,蛋仔派对 水方块生存第3天 一个马桶 帮我赚翻了,4,-1,0.1409047,-0.24752624,3.597342,-0.7786922
BV1nNfNBhEj3,【OC动画】乖小狗,206761,45327,1573,13014,2001,OC动画 乖小狗,0,-1,-5.136108,1.3005042,-1.3940253,5.7547817
BV1NpcEz5EKi,隧夜轮回（福生村）第四十八集 怨婴降世 动画 悬疑 微恐怖,349584,24043,7640,5504,354,隧夜轮回 福生村 第四十八集 怨婴降世 动画 悬疑 微恐怖,5,-1,-5.0482736,-3.6422482,-5.668271,2.6853437
BV1nPfqBHEeX,吃我一拳,316092,28004,2897,2394,129,吃我一拳,2,-1,-1.3740561,5.0927157,2.6297867,3.6634443
BV1nSZdBzEdS,最！完！美！,260373,31953,904,2987,192,最 完 美,2,-1,-1.4410232,3.8903775,3.206497,4.1738853
BV1NsZfBWEUj,谢谢 【特厨隋坡】给我开单，还请我吃大餐！好吃！,569290,27390,741,2089,783,谢谢  特厨隋坡 给我开单 还请我吃大餐 好吃,4,-1,1.3779902,2.853237,3.5748608,-2.713852
BV1ntf7BPEb4,蓝V过年串门集体团建🥹现场一片祥和,138144,13907,1207,1903,234,蓝V过年串门集体团建 现场一片祥和,5,-1,-1.7216,0.4659279,6.8120437,1.4621974
BV1NTfnBLEqa,单三主播的焚决今天交给你们了 新版本高改枪教学,509051,29380,3573,35962,917,单三主播的焚决今天交给你们了 新版本高改枪教学,9,-1,2.343816,-5.058754,-5.1060905,-4.5700417
BV1NvfqBcE8g,文科毕业生0.00吃一顿,670428,62588,1343,2782,353,文科毕业生0 00吃一顿,4,-1,2.2828324,1.6302052,4.7502522,-0.15419565
BV1nXfTBTETk,新年祝大家长生不老，新年能给电子宠物头个币吗谢谢！年就这样过完了，没啥感觉。,208789,23324,30633,1727,163,新年祝大家长生不老 新年能给电子宠物头个币吗谢谢 年就这样过完了 没啥感觉,3,-1,3.1417813,0.18173371,0.7976581,-5.067551
BV1o9cLzsEAd,小时候看他第一视角吓哭了？,854097,45414,516,11499,481,小时候看他第一视角吓哭了,4,-1,1.8666949,2.6277466,2.1896951,0.7944701
BV1o9Z6BDEKj,【时代少年团】2026十八楼联欢晚会-春节广告知多少,1152162,55492,13745,15700,3110,时代少年团 2026十八楼联欢晚会 春节广告知多少,8,-1,1.9068749,-3.3310838,5.9182115,-3.201102
BV1obfwB7EwQ,我也要回答吗？【奇言海论#7】,497637,40124,8919,21318,303,我也要回答吗  奇言海论 7,2,-1,-0.8294334,1.8454688,1.4135828,3.6763523
BV1ocfJB8EcX,当日本女生说最喜欢中国乡下,812161,37676,668,2269,242,当日本女生说最喜欢中国乡下,4,-1,1.3558152,1.7852389,4.4301734,1.2013694
BV1offTBwE9B,【依旧渲染大赛】欢迎来到韩的创意工坊,289037,34338,1274,7669,3798,依旧渲染大赛 欢迎来到韩的创意工坊,6,-1,-3.9929483,-1.8742822,-0.7383489,7.350282
BV1oFZiB3EvP,【公路求生整活短剧！】全明星！搞笑短剧！小作坊！持续更新中…,1056408,94986,7713,21989,4172,公路求生整活短剧  全明星 搞笑短剧 小作坊 持续更新中,5,-1,-5.63141,-0.92962784,-7.2442303,2.3836026
BV1oGfjBsE6z,《论朝鲜美食的苏维埃化》,864226,26202,5443,10361,1155,论朝鲜美食的苏维埃化,2,-1,-1.6001592,0.8035737,5.6391387,4.4033294
BV1oKfyBAEhi,一人开发15年，星露谷物语如何成为最好的种田游戏【侦查冰】,53034,3860,805,1129,279,一人开发15年 星露谷物语如何成为最好的种田游戏 侦查冰,6,-1,-4.3655243,-2.4859974,-3.6549175,4.2638097
BV1oofTBYEqc,【空谈特摄】吓哭了！是强力型爱好者！《假面骑士ZZZ》梦胶囊从夯到拉排行！,134443,9439,1412,2687,332,空谈特摄 吓哭了 是强力型爱好者  假面骑士ZZZ 梦胶囊从夯到拉排行,6,-1,-1.492989,-2.474478,4.233298,-2.032256
BV1ooZYBvEqT,大家就说我快不快！帅不帅！,2442817,146434,36918,44291,955,大家就说我快不快 帅不帅,1,-1,3.4211404,5.8028555,0.35332072,-2.5692477
BV1oRfqBjEmR,法尔伽到底还有多少“细节”是我不知道的？！,127565,14187,2524,1077,350,法尔伽到底还有多少 细节 是我不知道的,1,-1,3.391768,3.812558,-1.5313686,-1.3539729
BV1oXfABSEgQ,豉油膏是一种历史悠久的调味料,949839,39051,777,2047,190,豉油膏是一种历史悠久的调味料,2,-1,-1.2334499,2.4609232,6.6575055,3.486049
BV1oXfABSEyg,全程军事化管理！大司马+茄子+轰轰+沫子，一个大脑控制四个人,802020,24735,3445,2882,3154,全程军事化管理 大司马 茄子 轰轰 沫子 一个大脑控制四个人,9,-1,0.5194374,-1.3996177,2.5359554,-0.32878083
BV1oxfFBrE3x,复刻美国白人的甜食晚餐，据说打着胰岛素吃都齁甜，是真的吗？,1541871,17340,2293,3488,270,复刻美国白人的甜食晚餐 据说打着胰岛素吃都齁甜 是真的吗,7,-1,6.6847744,-2.3894327,-2.3387778,-8.7589
BV1oyZfBzEcF,【传奇耐熬王】大鱼多多！🐟渔流永远是版本答案💪渔王还想继续做渔王👑可san值💔已经不知去向....,494380,33436,9455,9036,1320,传奇耐熬王 大鱼多多  渔流永远是版本答案 渔王还想继续做渔王 可san值 已经不知去向,9,-1,-2.0791345,-2.4512663,3.2570488,-4.5448513
BV1p3fnBkEYT,哈德森搁这亲手制造亲卫队呢,1062598,70653,1770,15479,10751,哈德森搁这亲手制造亲卫队呢,1,-1,1.4373008,3.7637324,1.420229,-0.1076978
BV1PafcB4E3c,【TF家族练习生】《双城“境”》EP1：“吾鹅”的成都行,1321934,31536,3339,11975,3044,TF家族练习生  双城 境  EP1  吾鹅 的成都行,0,-1,-3.888447,0.108076796,-0.34785753,7.2823215
BV1PafcB4ET6,抓 的 最 准 的 一 集,539244,35409,1648,3016,1628,抓 的 最 准 的 一 集,5,-1,-2.2980072,1.5370631,-0.46526846,1.9786291
BV1pcc7zzEpV,【星穹铁道乐子大会】太欢愉了！爻光大战火花！,2008411,477038,656980,307617,20320,星穹铁道乐子大会 太欢愉了 爻光大战火花,6,-1,-5.6412935,-1.1400955,-2.876265,6.5405912
BV1PCfTBVEQd,老师嘲讽学生摔倒结果老师摔倒100次！！,3755347,103970,1895,18589,3005,老师嘲讽学生摔倒结果老师摔倒100次,4,-1,1.0232997,-0.5431646,3.332465,-3.4950752
BV1PCfzBYEpV,【1.0版本最终版】冰系梦之队 别礼/伊冯双C阵容 毕业装备推荐,92905,3210,1132,3379,955,1 0版本最终版 冰系梦之队 别礼 伊冯双C阵容 毕业装备推荐,9,-1,-1.549148,-6.4263077,-6.5159817,-2.944721
BV1PecszcEFj,短剧已经癫到这种程度了吗？逆天短剧剧情大赏，看完笑疯了哈哈哈哈,409013,26738,2258,3012,3264,短剧已经癫到这种程度了吗 逆天短剧剧情大赏 看完笑疯了哈哈哈哈,7,-1,4.715521,-3.6181424,-2.93365,-6.6266108
BV1PfZrBTEed,陈翔六点半:面对面，看不见,4020641,41637,4901,12265,940,陈翔六点半 面对面 看不见,4,-1,1.9205179,0.56026375,7.301766,-4.216886
BV1PgfFBXEne,！？铁花飞？！,105306,14464,2359,2218,533,铁花飞,2,-1,-3.2997117,2.9126058,3.0275617,5.3645062
BV1pifHB5EK2,【时代少年团】2026十八楼联欢晚会-楼斯卡,1053862,51617,13304,13814,1254,时代少年团 2026十八楼联欢晚会 楼斯卡,5,-1,-5.910182,-0.7294419,-7.094595,0.6774791
BV1PkfNBKEKV,甜美的深海史前巨兽，震撼测评！,437717,8720,1229,1568,368,甜美的深海史前巨兽 震撼测评,7,-1,4.634778,-4.71794,-4.106009,-6.2167916
BV1PmfTB6EAG,【伊冯】说谎的马卡龙,29284,3013,1425,1792,43,伊冯 说谎的马卡龙,6,-1,-4.685079,0.5744699,-1.262136,5.1384597
BV1PnfBB8EhW,猎哥说有人在抱哈夫币【三角洲动画】,1031796,92182,43738,34616,3844,猎哥说有人在抱哈夫币 三角洲动画,6,-1,-5.15543,0.19206068,-1.8468555,5.458509
BV1pPfzBFEsZ,另类诈骗，道德沦陷！全网无人聊透的隐藏细节！30000字细嗦《震耳欲聋》全细节,33090,2695,1456,1132,125,另类诈骗 道德沦陷 全网无人聊透的隐藏细节 30000字细嗦 震耳欲聋 全细节,8,-1,3.600495,-3.7485907,-0.89957345,-9.668566
BV1PpZRBuEA3,我的刀盾入侵，葫芦狗金刚合体！,6988826,142140,5614,113771,10274,我的刀盾入侵 葫芦狗金刚合体,6,-1,-4.846878,-3.0702055,-4.040681,4.943115
BV1pQfFB9Evu,巅峰赛1909分打野韩信0死全局思路解说——请不要再用牌子和评分绑架自己（这条的中期运营是看点）,413819,37303,4093,3779,577,巅峰赛1909分打野韩信0死全局思路解说  请不要再用牌子和评分绑架自己 这条的中期运营是看点,9,-1,2.406188,-5.3251977,-5.524037,-3.7924461
BV1PRf3BHEH2,我爸国学失算，令我赌石落败！,202089,11036,1062,904,115,我爸国学失算 令我赌石落败,4,-1,-1.8509419,2.052056,3.4580567,2.4179718
BV1PsfMBLExH,夯爆了！这才叫小品！盘点今年超厉害的春晚小品！,305205,9448,1044,2594,280,夯爆了 这才叫小品 盘点今年超厉害的春晚小品,7,-1,6.398237,-3.679925,-0.4499567,-7.6258907
BV1PTfnBLECK,终末地真的太好玩啦！,422002,18274,1762,2298,2409,终末地真的太好玩啦,3,-1,3.157927,2.4442666,-1.0620506,-3.012888
BV1PtZfBHEEZ,你管这玩意叫“桥”？还拿了世界第一？？？,424480,36567,12463,5651,229,你管这玩意叫 桥  还拿了世界第一,3,-1,4.988274,3.413435,0.024753021,-3.6939473
BV1PufpBQEvr,别急，嘎完你的嘎你的！,632952,41962,44108,9832,641,别急 嘎完你的嘎你的,3,-1,4.0884175,3.1473277,-0.50947535,-3.3818417
BV1pvfcBsE2a,卖淫合法、军队走私、人民绝望：揭秘伊朗大崩溃的真实原因！,435394,15806,3925,5041,635,卖淫合法 军队走私 人民绝望 揭秘伊朗大崩溃的真实原因,8,-1,2.0524905,-4.9620357,-0.36410406,-10.305257
BV1pwfNBYEEp,古人陆续凋零，好似风中落叶,718648,63972,629,8340,182,古人陆续凋零 好似风中落叶,4,-1,-0.75197923,0.9187853,8.459484,0.8001146
BV1PWZRBBEEe,【重生计划】花光所有积蓄圆梦法拉利,411161,21610,22098,6007,1431,重生计划 花光所有积蓄圆梦法拉利,5,-1,-1.3670231,-2.8910916,7.3500385,-0.88568926
BV1pxf7BvEqa,官宣！虹七归来，记得打开电视收看哦～,768630,55941,14895,6943,12229,官宣 虹七归来 记得打开电视收看哦,5,-1,-2.2340043,0.08812889,3.8526595,0.1722079
BV1PxZfBXE17,终极硬筋流暗信2.0，典狱长的末日到了,484450,23465,3037,28002,867,终极硬筋流暗信2 0 典狱长的末日到了,6,-1,-1.8217518,-1.4933376,-2.0027468,1.8515794
BV1PYfcBdEco,裸枪M7的价格，打出超越M7的输出！,1132369,46850,1585,21496,719,裸枪M7的价格 打出超越M7的输出,0,-1,-2.9877167,-0.11617356,-4.8917956,6.928623
BV1pYfHBjEn5,吃甲鱼难道不是一件很神圣的事情吗,435516,34198,955,2299,1537,吃甲鱼难道不是一件很神圣的事情吗,1,-1,4.118044,4.722133,-1.1773372,-1.8769422
BV1PzfAB8E33,我能在豆包猜出末地烛之前通关我的世界吗？,778530,20279,1107,6127,963,我能在豆包猜出末地烛之前通关我的世界吗,1,-1,-0.13988154,1.8368151,-1.7295121,1.289919
BV1Q4fEBXEyd,日本职场吐槽,839189,85198,2803,9980,7783,日本职场吐槽,2,-1,-1.4361551,-0.060952544,5.071366,1.1374581
BV1q4ZzBnEgX,【熊人修仙传第二集】敢不敢赌一把？我要自制一部熊出没系列的影视短剧！,1490361,75244,21195,18992,3740,熊人修仙传第二集 敢不敢赌一把 我要自制一部熊出没系列的影视短剧,5,-1,-4.4701524,-0.4851784,-5.8202467,1.1803645
BV1q9fjB4EYT,大抵我们是最后一代知晓这个手势含义的人了,1124361,52314,710,3379,1859,大抵我们是最后一代知晓这个手势含义的人了,1,-1,3.3559067,4.127475,-1.4920012,-1.3543066
BV1QBfwB3E4G,声音是滑动变阻器,537631,49111,704,5422,1453,声音是滑动变阻器,2,-1,-1.2478018,2.769415,4.5082335,5.3541727
BV1QDZeBbExH,当我往易拉罐里塞了二十枚彩菊会发生什么……,2695125,77063,646,4831,712,当我往易拉罐里塞了二十枚彩菊会发生什么,1,-1,3.563164,2.8379445,-2.4687157,-1.5895735
BV1qHfuBKEeE,干嘛猫的vlog（过年篇）,5515530,186485,28100,84480,20073,干嘛猫的vlog 过年篇,4,-1,-1.0490292,-0.40882608,3.9248707,-0.42421377
BV1QJfcBvE6H,走路大逃杀，减速就死，吃喝拉撒不能停！斯蒂芬·金改编《死亡竞走》【墨菲】,1348464,17078,3679,10032,309,走路大逃杀 减速就死 吃喝拉撒不能停 斯蒂芬 金改编 死亡竞走  墨菲,6,-1,-5.771413,-2.483832,-0.8530779,5.1328115
BV1QKf7BEE9e,猎枭必学点位,3600708,237488,3726,31683,22351,猎枭必学点位,5,-1,-1.4476497,-1.8722863,0.5363256,3.167609
BV1qLfzBQEPq,哲学分析！瑞克莫蒂决定一起自杀？莫蒂记忆全被修改过？《瑞克和莫蒂》S3E9深度解析|影视杂谈|Rick and Morty|成人动画|美剧|科幻|深度解析|代价,99944,4895,631,1053,61,哲学分析 瑞克莫蒂决定一起自杀 莫蒂记忆全被修改过  瑞克和莫蒂 S3E9深度解析 影视杂谈 Rick and Morty 成人动画 美剧 科幻 深度解析 代价,6,-1,-5.831815,-4.226675,-5.409437,2.4270523
BV1QrfiBTETG,当我过年熬穿了,1939731,137062,540,5557,515,当我过年熬穿了,1,-1,4.9331055,4.2773285,0.85368294,-2.1788864
BV1qtZDBJE2L,第六季，大决战前夜......《下一个是谁6》番外02,1476274,139042,91566,29675,2499,第六季 大决战前夜       下一个是谁6 番外02,6,-1,-2.6398344,-2.6607552,-6.3652296,4.0205536
BV1QufMBsEG8,被一只狗毁掉的假期......,156275,9212,2176,1118,650,被一只狗毁掉的假期,6,-1,-3.4980578,1.7275481,-1.3015739,2.8001652
BV1QVfJBHE4i,当我和MC的生物视角互换！这还能玩？,621366,40504,4868,5249,295,当我和MC的生物视角互换 这还能玩,2,-1,-0.6849159,1.9516298,-7.060657,6.3448195
BV1qvZCBhEei,为什么《飞驰3》是春节档的满分答卷，6000字解读《飞驰人生3》细节和隐喻！原来结局是这样！【春节档观察团】,4529588,92783,8968,35895,2584,为什么 飞驰3 是春节档的满分答卷 6000字解读 飞驰人生3 细节和隐喻 原来结局是这样  春节档观察团,8,-1,2.0722566,-5.841325,-4.433183,-5.5706334
BV1qWZZBNE36,胖龙又迎来一春，脸上看着满面春光的，和儿子在家涮火锅,986137,17855,3305,2640,316,胖龙又迎来一春 脸上看着满面春光的 和儿子在家涮火锅,4,-1,0.17441526,1.5810788,2.4349701,-1.8089399
BV1QYfnB4EeV,500 个冬天-lilwukong AI MV 4K-60HZ-HDR,208351,23950,6226,10165,3558,500 个冬天 lilwukong AI MV 4K 60HZ HDR,0,-1,-2.9497962,2.2207468,-0.21745744,9.881538
BV1r6ZKBaE8K,【散人】神作！悬疑怪谈《伊势人鱼物语》P7 meta解谜 幸福完结,491845,44067,6772,7255,425,散人 神作 悬疑怪谈 伊势人鱼物语 P7 meta解谜 幸福完结,6,-1,-4.7017145,-3.3577712,-5.000551,3.3461807
BV1r7fwBREHo,让子弹飞白宫版：国会山税王大战无法无天最高法院,620139,41710,3197,3740,551,让子弹飞白宫版 国会山税王大战无法无天最高法院,6,-1,-2.1031592,-2.4247975,8.198654,2.6395578
BV1RafwBLEvB,随机辅助一个忍者上段#12,262461,19370,5147,3038,173,随机辅助一个忍者上段 12,2,-1,-0.28805408,1.5334642,-7.706556,6.744561
BV1rAZkBeEWq,现在AI玩游戏都开始当压力怪了？？？？,2532920,93510,13867,75426,1983,现在AI玩游戏都开始当压力怪了,4,-1,-0.13616501,3.0537136,3.0613585,1.1507591
BV1rBfgBVEnx,4.0货币战争现状.exe,1447492,125218,14277,27693,11567,4 0货币战争现状 exe,9,-1,2.7970889,0.20139699,-5.7985883,-5.7881618
BV1rcfqBWE23,今天给大家无滤镜展示巧克力爆浆脏脏包！,837874,58908,620,3860,231,今天给大家无滤镜展示巧克力爆浆脏脏包,3,-1,3.1411877,1.532994,-3.1486483,-3.952471
BV1RdfqB1Es7,我去？旋转跳300+ ！！！,218448,30482,5880,3521,224,我去 旋转跳300,1,-1,1.5818859,5.543878,-0.45538223,-1.2660635
BV1refMBMEjT,弱水三千·翻唱·三棒流邪修唱歌法,2028031,230407,2885,16523,13595,弱水三千 翻唱 三棒流邪修唱歌法,2,-1,-3.91075,-0.0048519005,5.6710258,4.2441726
BV1ReZjBjEpx,【无缝剪辑/豌豆射手】别忘了，他可是你的第一道防线，不要忘记他为你而战过，至少，他曾是你的唯一……,355066,26289,5182,12469,282,无缝剪辑 豌豆射手 别忘了 他可是你的第一道防线 不要忘记他为你而战过 至少 他曾是你的唯一,9,-1,1.2107608,-2.3911529,3.3795164,-5.666302
BV1RFfKBXEVH,让你没手感的朋友来看,133948,7903,1371,7442,445,让你没手感的朋友来看,3,-1,5.3127627,0.19008571,-2.5830672,-4.543454
BV1RJZkBQExr,一秒变异！夺舍刘涛+M7+M14+AWM，1019万撤离！,2835090,108371,2065,9068,969,一秒变异 夺舍刘涛 M7 M14 AWM 1019万撤离,9,-1,2.6563282,-2.9645936,2.8089545,-7.4730716
BV1RMfHBYEWb,春天的精灵/复苏季,180912,16752,957,5461,993,春天的精灵 复苏季,2,-1,-5.226066,2.4686227,-1.1567436,4.619886
BV1RnFozNEJq,美国人为啥读不起书？美国教材大乱斗，能有多抽象？,489332,33503,2550,5536,654,美国人为啥读不起书 美国教材大乱斗 能有多抽象,8,-1,6.7253385,-3.4993362,-2.0600033,-9.500768
BV1RQfGBGEgL,《获刑宣言》,6290441,461082,13393,38828,19149,获刑宣言,2,-1,-3.2988832,1.6838045,2.9300299,7.0003147
BV1Rrf7BsEfq,SWAT特警大战军方秘密特工，飞刀威力堪比巴雷特，催泪瓦斯当烟抽！,626611,30629,888,8782,2050,SWAT特警大战军方秘密特工 飞刀威力堪比巴雷特 催泪瓦斯当烟抽,8,-1,0.1299425,-3.27199,4.578564,-5.2216797
BV1RRfcB6END,【第五人格】此视频疑似向全世界第五玩家开战,272008,35023,779,6822,9183,第五人格 此视频疑似向全世界第五玩家开战,6,-1,-2.811989,-0.41955927,-0.054860324,3.8397357
BV1rRfCBrEng,庞氏骗局大结局！贾队长最硬气的一回！拍马屁还得拍这样的【十级学者详解地下交通站12-4】,37096,5517,2808,2107,1951,庞氏骗局大结局 贾队长最硬气的一回 拍马屁还得拍这样的 十级学者详解地下交通站12 4,5,-1,-3.6707613,-2.175091,-0.036862943,2.9714534
BV1RRZ7BQEhk,一天三顿小汉堡，马不停蹄吃个饱,277666,21181,1284,6114,340,一天三顿小汉堡 马不停蹄吃个饱,3,-1,4.5999913,0.9168493,0.4901436,-6.993172
BV1RTZiBiE1M,今晚这段谁能绷住，大司马跟猴哥双排，他俩可以上春晚小品了,2581707,59377,8805,7038,11336,今晚这段谁能绷住 大司马跟猴哥双排 他俩可以上春晚小品了,3,-1,4.1623087,-0.6799514,-0.14253351,-4.904068
BV1rUZyB6EqF,剥蒜的情谊113.0,1090941,60654,1390,4277,735,剥蒜的情谊113 0,2,-1,-3.362589,3.3307567,1.1323615,7.3023815
BV1rVfFBSE2o,当 鼓 手 回 村 过 年,2770218,177388,2528,10627,3135,当 鼓 手 回 村 过 年,4,-1,-1.8293843,3.113366,5.784569,-0.83566666
BV1RvfwBVEWt,是什么让女主持人秒变硬汉？【慧小媛】,349377,16476,2273,854,95,是什么让女主持人秒变硬汉  慧小媛,5,-1,-1.8744735,0.05571185,1.2480221,1.3755817
BV1rWfiBUEha,【原神】免费五星+免费皮肤！再送65抽！6.4月之五福利全汇总！上下半都有多少原石？法尔伽结束前能拿多少抽？6.5月之六卡池！洛恩/尼可/莉奈娅/格蕾特/木偶,145193,6859,935,2181,680,原神 免费五星 免费皮肤 再送65抽 6 4月之五福利全汇总 上下半都有多少原石 法尔伽结束前能拿多少抽 6 5月之六卡池 洛恩 尼可 莉奈娅 格蕾特 木偶,9,-1,-3.441248,-4.485807,-6.536509,-2.2607775
BV1RwfMBFEbK,我新公寓的浴缸里，竟然有一个微型的古代文明...,78767,2793,1356,1364,77,我新公寓的浴缸里 竟然有一个微型的古代文明,3,-1,4.446865,0.041122194,-1.5494094,-4.1333084
BV1rWfPBbELS,巴克什博物馆房顶爽抽全图点位,528820,21474,1292,15682,8659,巴克什博物馆房顶爽抽全图点位,5,-1,-3.7473645,-1.8908967,-0.6204284,3.0587478
BV1rwfqBXEMs,那个只知道吃的小姨回村过年了！！！,128209,12604,833,687,70,那个只知道吃的小姨回村过年了,4,-1,2.9820306,2.36204,2.0851438,-1.6986116
BV1RxZ2BPECk,二 鬼 拍 门，绝 杀 无 解,4377037,224644,9198,9661,3293,二 鬼 拍 门 绝 杀 无 解,5,-1,-2.4158049,-1.5370338,0.70587623,3.2020905
BV1SAfwBNEj8,“劣迹艺人”那艺娜：从农妇到“抽象顶流”，4年骗局彻底翻车,977283,18761,856,4933,1478,劣迹艺人 那艺娜 从农妇到 抽象顶流  4年骗局彻底翻车,8,-1,2.1826491,-3.5505042,0.83668345,-9.253553
BV1SbfjBCEzN,满怀着紧张开-始! | 'Polaroid Love' 翻唱视频Reaction,107215,11899,5819,3019,670,满怀着紧张开 始     Polaroid Love  翻唱视频Reaction,0,-1,-3.3199143,1.2325884,-1.9593456,8.757331
BV1sKfuBjEB2,香港.澳洲牛奶公司 厨子探店¥110,778474,56411,764,4094,984,香港 澳洲牛奶公司 厨子探店 110,5,-1,0.88461757,-1.0024484,7.0144954,-0.5485253
BV1SLfMBnEdR,史上最全！盘点《生化危机2：重制版》 50 个彩蛋和细节！,120304,7307,1634,2546,216,史上最全 盘点 生化危机2 重制版  50 个彩蛋和细节,8,-1,4.3438444,-5.783394,-4.8920326,-6.6644626
BV1SLFUziE3Z,"《重返未来：1999》洛伦兹蝴蝶PV：科算中心亲启|ᐕ)⁾⁾ Crack It If You Can, LSCC |ᐕ)⁾⁾",891787,30946,5322,6392,3793,重返未来 1999 洛伦兹蝴蝶PV 科算中心亲启      Crack It If You Can  LSCC,0,-1,-5.513119,1.1389804,-0.053847637,9.782546
BV1SLZeBpENg,销冠2025名场面合集！兄弟们当春晚看吧！,2350813,112716,1363,6555,666,销冠2025名场面合集 兄弟们当春晚看吧,5,-1,-0.6603966,-2.3490307,5.8494024,-2.9506633
BV1sqZHBSEfR,人生买第一辆车要怎么买？听完这7句话就懂了！,233580,14962,1848,3874,1115,人生买第一辆车要怎么买 听完这7句话就懂了,7,-1,7.2941957,-2.9983413,-2.8382092,-9.725209
BV1sQZtBeEhX,两个人都沉浸在自己的表演里无法自拔,6749053,306179,7392,36865,11881,两个人都沉浸在自己的表演里无法自拔,1,-1,0.52703327,3.3137207,-0.14340194,1.0949513
BV1STfBBME4H,三角洲行动 22万S级输出！再次突破后坐力代码BUG！最新版本M249的全面解析与改法教学！,369847,19778,586,12279,1854,三角洲行动 22万S级输出 再次突破后坐力代码BUG 最新版本M249的全面解析与改法教学,0,-1,-4.5869136,-3.5839903,-2.2638385,3.734653
BV1sTfuB1EFw,蜂医没撤出去的那一分钟都在想什么？,504891,53984,7714,12784,1050,蜂医没撤出去的那一分钟都在想什么,3,-1,5.3824787,2.4733818,-0.27795535,-3.3225927
BV1svfcBsET5,老师：我要验牌，这不是你写的作业,1745753,61378,1220,12820,1009,老师 我要验牌 这不是你写的作业,4,-1,2.888725,1.0367996,1.4284759,-3.879311
BV1SvfTBUEYd,【明日方舟：终末地】莱万汀bug直到一个月后才被发现？庇护效果实际只有10％？！,257221,6943,943,758,6160,明日方舟 终末地 莱万汀bug直到一个月后才被发现 庇护效果实际只有10,6,-1,-4.223066,-1.2972407,-4.7392936,6.151639
BV1SVZeB9Ege,《这分明是伪装成春节的劳动节》,2441232,116649,1947,14888,293,这分明是伪装成春节的劳动节,1,-1,3.0092478,4.4727397,-0.58032703,-1.523825
BV1sWfJByECR,钢琴龙复活啦！《波比的游戏时间》第五章 全收集/全彩蛋,368694,19591,4323,7468,285,钢琴龙复活啦  波比的游戏时间 第五章 全收集 全彩蛋,6,-1,-5.4470673,-2.3569012,-4.445859,4.9198704
BV1sZfBBNE97,【2月】中国在海外十大最火的相关内容（事件）&ep.1,268634,11773,1522,2013,255,2月 中国在海外十大最火的相关内容 事件  ep 1,5,-1,-1.8035975,-1.3564589,4.833147,-0.4684721
BV1sZfiBxEhB,还得是老游戏，一关要打上千回合！肾上腺素飙升，这就是挑战的极限！【卡布西游】,291581,20985,2100,1648,175,还得是老游戏 一关要打上千回合 肾上腺素飙升 这就是挑战的极限  卡布西游,9,-1,-1.6547074,-3.393975,-4.0610337,2.70865
BV1T2f3BoEmi,最终鬼畜火花花,1626325,148618,11529,33382,7137,最终鬼畜火花花,6,-1,-5.483712,-0.17669764,-2.6313589,4.0452995
BV1t8fqBeEk4,“曲婉婷账号没了”：复出试水不足24小时，被全网抵制,583323,23214,1738,2937,840,曲婉婷账号没了  复出试水不足24小时 被全网抵制,8,-1,4.130567,-2.2199516,0.995328,-9.086933
BV1T8fqBeEz4,震撼首发！蜘蛛侠＆死侍穿越复活格温！【B站AI创作大赛-开放赛道】,1003095,87270,47288,25672,10811,震撼首发 蜘蛛侠 死侍穿越复活格温  B站AI创作大赛 开放赛道,0,-1,-5.7175245,-3.6834052,-1.23239,7.0144997
BV1TafqBAEsa,命运的回旋镖哈哈哈哈,137587,14613,507,706,56,命运的回旋镖哈哈哈哈,4,-1,0.9010802,1.709626,-1.3523124,-2.7432048
BV1TEZoBSESM,这屠夫有力气,912365,58574,2173,21479,954,这屠夫有力气,1,-1,2.2908473,4.80802,0.8337464,-1.9456611
BV1tFfuBnEcq,史上最沙雕的钓鱼小游戏楚新钓，氪金五万能霸服吗,299495,17857,6350,2001,572,史上最沙雕的钓鱼小游戏楚新钓 氪金五万能霸服吗,9,-1,3.8031223,-5.407578,-5.7407045,-4.489787
BV1tFfuBnEqv,【随之任之】我重新挖掘了这首神曲的真正含义【老曲新译#4】,55191,9775,2259,4497,359,随之任之 我重新挖掘了这首神曲的真正含义 老曲新译 4,9,-1,0.49637145,0.18050857,2.3087451,-3.520091
BV1tnfgBdEpk,硬核版塔科夫，从0资产到通关《逃离：生化科夫》【01】,2110743,91726,9304,51082,2380,硬核版塔科夫 从0资产到通关 逃离 生化科夫  01,6,-1,-3.0137608,-1.1753051,-5.483179,5.6780653
BV1tnfJB2E8a,董事长驾到统统闪开,1851156,227395,17137,83391,5038,董事长驾到统统闪开,3,-1,4.4184937,-0.963586,-3.0009322,-5.3015327
BV1tPFQzrEHu,建议严查这批“神人带货主播”！太离谱了！,6139115,62692,4854,29702,507,建议严查这批 神人带货主播  太离谱了,7,-1,6.750581,-3.1559746,-1.9426383,-7.7833924
BV1tQfiB8E4Q,留学几年终于东北相聚！清晨早市这一口，太舒服了！,304716,19590,7993,2210,411,留学几年终于东北相聚 清晨早市这一口 太舒服了,7,-1,7.2116823,-3.3056228,-2.2432585,-7.833943
BV1tQfiB8EYQ,嘉豪历险记！,776498,69701,4834,11590,703,嘉豪历险记,5,-1,-4.044668,0.88264525,6.276147,2.349418
BV1tqfTB7E4K,老规矩，先猜颜色。,2080596,62623,1498,5944,1005,老规矩 先猜颜色,2,-1,-1.6334299,3.4097466,3.0158153,3.4152856
BV1TqfzBqEAn,今晚这把效果拉满！轰轰给大司马舔的飞起，风头全是长官的！,418840,12398,1644,1395,1117,今晚这把效果拉满 轰轰给大司马舔的飞起 风头全是长官的,3,-1,4.5990806,1.6552039,-0.4474386,-4.562051
BV1tRfPBMEwr,无敌电刺点位思路教学，学不会你骂我！,968280,52921,954,10992,3627,无敌电刺点位思路教学 学不会你骂我,9,-1,3.601754,-4.060209,-5.143782,-4.342242
BV1TxfcBhEDa,【第二集】【全民公路求生】全明星公路求生整活短剧！全明星！搞笑短剧！小作坊！持续更新中…,439698,50254,5712,8587,1110,第二集  全民公路求生 全明星公路求生整活短剧 全明星 搞笑短剧 小作坊 持续更新中,5,-1,-6.027696,-1.302777,-7.2530107,2.3907452
BV1TxfcBhEyF,当你强行炸了狗子最心爱的盆，看看是什么反应？,489530,17290,3954,1113,359,当你强行炸了狗子最心爱的盆 看看是什么反应,7,-1,4.6910806,-1.8598878,-2.701612,-7.2611027
BV1TXfVBhEAa,Ai头像标志设计小技巧,2589573,75658,1060,12450,400,Ai头像标志设计小技巧,2,-1,-2.407729,0.14012732,6.3240633,0.77467823
BV1TXZrB3Eux,【TF家族练习生】《星期五练习生》123：《反差的LOVE》,2687981,111730,18952,48457,2894,TF家族练习生  星期五练习生 123  反差的LOVE,0,-1,-2.1739695,2.1848052,-0.36767837,7.896106
BV1TzfEB1Ebp,币战科研项目：厄了梅！残梅绽竟能无限充能羁绊层数？阮梅重登击破唯一机制女王！,1045242,73199,4149,20398,8874,币战科研项目 厄了梅 残梅绽竟能无限充能羁绊层数 阮梅重登击破唯一机制女王,9,-1,-2.4900675,-4.444739,3.3018165,-4.53304
BV1u2fVBvEdE,查 理 斯 参 加 冬 奥 会,780206,17787,15118,3174,9328,查 理 斯 参 加 冬 奥 会,2,-1,-2.657846,0.89538044,1.1603544,7.3352084
BV1u2fVBvEmP,蛋仔派对：开局一个水方块，双人如何生存下去？,3211725,35631,2006,41123,70,蛋仔派对 开局一个水方块 双人如何生存下去,9,-1,-1.4871403,-2.5549264,-8.620544,0.7599515
BV1u4fqBiEPr,低质视频，别点开,1657505,196694,6150,5208,741,低质视频 别点开,4,-1,2.6048207,0.8382898,5.718215,0.52827454
BV1U7fJBUEBU,5岁外甥女给舅舅磕头拜年，获赠30斤重价值30多万元的银砖，家长退还后，舅舅又送一块价值1000多元带“压岁钱”字样的银砖,2910437,117329,597,4092,1508,5岁外甥女给舅舅磕头拜年 获赠30斤重价值30多万元的银砖 家长退还后 舅舅又送一块价值1000多元带 压岁钱 字样的银砖,5,-1,0.10732689,-1.6943862,6.032313,-1.1016349
BV1u8c7zSE2D,史无前例蓝胖子,1457438,92593,4921,7272,16482,史无前例蓝胖子,2,-1,-0.562027,-0.04520325,2.838068,0.35484096
BV1ubfABTEGS,不实名举报某工厂招黑工。,185033,31386,4465,6878,232,不实名举报某工厂招黑工,4,-1,2.7345448,-0.15482788,0.9978476,-8.8355255
BV1ubfqBNEtz,身体一半被烧毁的女同学？是最漂亮的女朋友！【治愈纯爱】,127711,5759,632,3741,272,身体一半被烧毁的女同学 是最漂亮的女朋友  治愈纯爱,6,-1,-3.9022846,-1.2853976,-1.32098,3.1096168
BV1UbZ7BzEF7,【速凌宇宙】第十一集：阿萨拉新角色出场！哈基蜂监狱大战典狱长？？！！,6960709,243339,36456,187841,1933,速凌宇宙 第十一集 阿萨拉新角色出场 哈基蜂监狱大战典狱长,6,-1,-7.404765,-3.2774785,-4.6056013,4.8526826
BV1UcfCBmE96,《末 路 狂 屎》,94405,7953,1433,1374,121,末 路 狂 屎,2,-1,-3.4113495,2.3257542,2.8383152,5.6482797
BV1uFfFB8Eh1,你有没有可乐喝……,659058,70339,1624,3298,800,你有没有可乐喝,4,-1,0.5066016,4.514919,1.8755107,1.4187353
BV1UFfuBnESb,李连杰动作巅峰高分神作！未删减4K修复重温经典功夫电影《精武英雄》【总集篇】,131643,7741,3160,2516,149,李连杰动作巅峰高分神作 未删减4K修复重温经典功夫电影 精武英雄  总集篇,5,-1,-4.7618,-4.4869094,-5.35746,1.5333992
BV1uGfKB1EjH,奥特曼首次惨败太难绷，怪兽殿下其实是小孩？哥莫拉撑地被制成标本，老资历也怕人类大手！,159510,10792,1455,2889,212,奥特曼首次惨败太难绷 怪兽殿下其实是小孩 哥莫拉撑地被制成标本 老资历也怕人类大手,8,-1,0.8216479,-4.900202,4.282067,-4.704436
BV1UGfKByEyx,不可思议的扫转！Zywoo逆天180°扫转让世界瞬间沸腾！谁看了不得惊呼一句WOC！夺冠同时并获得生涯第30枚MVP！,746242,30650,4185,3630,8464,不可思议的扫转 Zywoo逆天180 扫转让世界瞬间沸腾 谁看了不得惊呼一句WOC 夺冠同时并获得生涯第30枚MVP,0,-1,-2.6249886,-0.548206,-2.623838,9.432721
BV1uHfcBPEzz,暴跌80%！从12.8元到2.5元，牛奶中的“爱马仕”为啥跌落神坛？,814635,17825,1107,3626,656,暴跌80  从12 8元到2 5元 牛奶中的 爱马仕 为啥跌落神坛,8,-1,5.496701,-3.7056417,-1.7048225,-9.931555
BV1UJfgBxEB1,西梅汁后续来了,3595438,237129,12453,82194,43678,西梅汁后续来了,4,-1,-0.16388795,1.5178292,4.472066,-2.0518377
BV1UKfwBAEPL,《雷霆小丑》,1180568,24544,709,695,156,雷霆小丑,2,-1,-4.801961,2.3134463,2.6124215,5.9578776
BV1umZDBiEui,生化危机8dlc萝丝魅影讲了什么？生化9之前先来个前情回顾吧【D9蒙太奇】,613406,17834,516,1878,113,生化危机8dlc萝丝魅影讲了什么 生化9之前先来个前情回顾吧 D9蒙太奇,6,-1,-1.6325803,-3.5831923,-4.3441434,0.65653056
BV1UoZoBXE7S,“当年想出这三个百万转场镜头的简直是个天才”【春节档观察团】,1652241,102318,5947,20824,2317,当年想出这三个百万转场镜头的简直是个天才  春节档观察团,3,-1,2.0401032,0.5387662,0.4338733,-0.9362267
BV1uQf7BmEFc,思路打开，铁锅秒变不粘锅，还能边煎边煮，太适合懒人了，今天吃营养早餐三明治和红枣燕麦粥！,1519671,65507,959,5874,1050,思路打开 铁锅秒变不粘锅 还能边煎边煮 太适合懒人了 今天吃营养早餐三明治和红枣燕麦粥,3,-1,3.1314785,-1.6792852,1.6371088,-6.9255595
BV1uRZ1BxEwV,【TF家族】《新春荣耀大作战》EP2,6142503,125817,21758,47527,4039,TF家族  新春荣耀大作战 EP2,0,-1,-5.614967,1.7391306,-0.28192797,6.6014667
BV1USfBBzEQj,听妈妈的话,2043505,138147,1233,8684,1078,听妈妈的话,1,-1,3.1835425,5.4164023,-0.21980454,-1.6501985
BV1utZhBmEmq,血拼32小时赚1828元｜距20万首付差192759元 #真实生活记录 #搞杂工作的欢哥 #生活不会辜负每一个努力的人,91978,29760,8212,1677,54,血拼32小时赚1828元 距20万首付差192759元  真实生活记录  搞杂工作的欢哥  生活不会辜负每一个努力的人,7,-1,4.3820496,-3.7159884,-1.4265226,-7.0946345
BV1UuZXBgE56,《Rush-雪》：第五全员向！,889793,106211,18108,44678,4812,Rush 雪  第五全员向,6,-1,-3.0508802,1.8002653,-0.6601662,3.8703022
BV1uVfMBXE4i,干嘛,365538,47517,600,17534,1403,干嘛,1,-1,1.8921108,5.62495,1.544018,0.9105426
BV1uxfqBTED2,世界结束的方式，并非一声巨响，而是来自于朋友圈里边的603个点赞,325343,24329,1994,808,210,世界结束的方式 并非一声巨响 而是来自于朋友圈里边的603个点赞,1,-1,1.4100693,2.1117644,0.61985594,-0.6388883
BV1v2fMBFEwe,声音粉福音,1618653,157386,5469,25959,6760,声音粉福音,2,-1,-3.3584647,1.6302763,0.5076894,4.826853
BV1v6fKBxERW,全三角洲所有地图一共31个露天非洲之心点位！,341907,13148,1445,16072,1223,全三角洲所有地图一共31个露天非洲之心点位,2,-1,-2.8230133,1.5255731,-0.72920537,8.455401
BV1V8fCBZE4i,哈哈哈哈哈答非所问,134406,8852,599,1716,93,哈哈哈哈哈答非所问,1,-1,3.1807842,3.9799914,-1.3189625,-2.6381414
BV1VafCB4EL1,导数恒成立问题！分离参数与分类讨论！保姆级讲解,73423,8985,1272,4138,274,导数恒成立问题 分离参数与分类讨论 保姆级讲解,6,-1,-4.012307,-1.5184379,-2.495732,2.847931
BV1VafuBbEwb,拼好车……,1815167,41699,2003,29794,304,拼好车,2,-1,-1.0920464,3.241578,3.0671418,4.0727763
BV1vAZ1BcEwM,⚡️ 赢 麻 了 ⚡️,683581,21056,2378,4546,134,赢 麻 了,2,-1,-1.8039211,3.6266901,2.706244,4.5405025
BV1vBZaBfEV1,白子别嗷了,3357203,329635,8609,96522,21361,白子别嗷了,3,-1,5.132698,1.6682502,-0.6835842,-3.802678
BV1vEfzBSE6u,第一次带小宝宝回国过年，他也终于吃上地道中国菜了,196370,19983,2401,524,54,第一次带小宝宝回国过年 他也终于吃上地道中国菜了,3,-1,6.3123097,0.30438682,-1.6467774,-6.7768736
BV1VffqByEtf,【火影精讲】动漫史上最经典的篇章之一！三忍篇之螺旋丸修行,329664,11771,2743,1719,131,火影精讲 动漫史上最经典的篇章之一 三忍篇之螺旋丸修行,6,-1,-4.418988,-4.538039,-4.9433837,3.7325675
BV1vgfcBrExn,40秒六民族丝滑变装，这才是刻在骨子里的东方美！,792094,84345,9408,21364,1228,40秒六民族丝滑变装 这才是刻在骨子里的东方美,7,-1,6.322278,-3.879751,-2.5137727,-8.092316
BV1vifiB6EeV,《上春山》劝你别读博,156522,10081,2155,1141,2099,上春山 劝你别读博,2,-1,-0.9209606,3.2507937,3.6319942,2.8711183
BV1VJc7z4EUD,《B 界 修 仙 传：金 丹 显 圣》,465180,32438,8836,17096,380,B 界 修 仙 传 金 丹 显 圣,6,-1,-3.7706182,-2.181724,4.8982563,2.2153652
BV1VLfcBME9H,【TF_ING】2026新春特辑EP03：厂的桌游局,477880,27526,12973,6379,634,TF ING 2026新春特辑EP03 厂的桌游局,0,-1,-5.45826,-0.73218626,-0.56456006,7.2042546
BV1VLfcBMEoA,春节期间我脑海里的旋律,1222625,107302,12216,12060,4760,春节期间我脑海里的旋律,4,-1,1.9830182,4.026405,2.1200764,-3.1880908
BV1vNfJBoEbD,鳄鱼不会攻击赛伊德小队！鳄鱼：顿顿饱和一顿饱我还是分的清的！「三角洲S8赛季」,1771099,52949,676,2988,941,鳄鱼不会攻击赛伊德小队 鳄鱼 顿顿饱和一顿饱我还是分的清的  三角洲S8赛季,0,-1,-5.4692135,1.0636717,-0.7747442,6.616114
BV1VPfMBfE2B,【初九】《疯狂动物城》女性群像仿妆来咯～,805453,71188,2730,4387,165,初九  疯狂动物城 女性群像仿妆来咯,5,-1,-1.9785646,-1.4669812,5.166361,-0.2009225
BV1VrfiBMEsQ,《原神》角色预告-「法尔伽：骑士精神」,1175843,161143,61429,29528,18921,原神 角色预告  法尔伽 骑士精神,6,-1,-6.553438,-3.6467707,-4.6100793,5.4391484
BV1vrZCB4EBk,一口气摇完这些年的刷屏热舞！,2888405,141650,16203,120857,3378,一口气摇完这些年的刷屏热舞,7,-1,3.9784064,-1.640294,-0.6440124,-7.5569897
BV1VUfJBtEux,干员审判开始***,531240,25383,1093,5722,297,干员审判开始,2,-1,-0.5008926,1.7903733,-0.21017088,0.7670836
BV1VUfJBtEyd,巴克什1v21の传说,1054020,92040,7043,17649,14846,巴克什1v21 传说,6,-1,-4.885484,-0.7255493,-2.6588867,5.1826673
BV1Vvf3BNEPT,当好朋友突然开始讲文明！！！,4531177,251054,5414,20401,16834,当好朋友突然开始讲文明,4,-1,-0.026088256,4.2966466,4.1375585,1.5361416
BV1vvZuBYEfo,放置的方块会随机变成任意方块,832118,18805,795,8886,49,放置的方块会随机变成任意方块,2,-1,-2.249475,1.2582684,-7.626138,6.7018876
BV1vYfiBkEm3,"【原创】椎乃味醂 - Harmony (ft. 原口沙輔, 初音未来)",83250,17461,6850,12254,2389,原创 椎乃味醂   Harmony  ft  原口沙輔  初音未来,0,-1,-4.7194834,-0.24874924,-3.05797,8.074802
BV1vyfMBhESU,这是我处了五年的女朋友 她家里一直不同意她嫁给我,878628,55674,3999,5835,1274,这是我处了五年的女朋友 她家里一直不同意她嫁给我,1,-1,6.149202,3.3594503,0.40041667,-3.2768285
BV1vzfBBjExs,蕉Ker后室大联动！但有三个胆小菇！,104380,8924,744,1534,112,蕉Ker后室大联动 但有三个胆小菇,5,-1,-2.9046006,0.73850065,6.6541247,1.9398403
BV1VzfVBgEah,无脑的单细胞黏菌——悬空食物大挑战,3773300,47894,803,11434,195,无脑的单细胞黏菌  悬空食物大挑战,6,-1,-3.0263107,-3.2707744,-3.7422948,3.142243
BV1w1fqBWEje,“或许...船长的梦该醒了”,191259,33602,792,2272,33,或许   船长的梦该醒了,4,-1,2.2846472,1.6632091,1.869486,-1.5726794
BV1W1ZdBGEhN,【救人位中心】敬我不能，尽我所能,303942,42212,11842,20811,1783,救人位中心 敬我不能 尽我所能,2,-1,-1.4382569,1.8534954,6.5783677,5.775808
BV1W8fJB6EPr,《谁家超长版》,2625860,227777,5836,9097,4013,谁家超长版,5,-1,-5.034231,1.2640518,-0.017023971,5.5346804
BV1w9fuB5EM3,美国佛罗里达州魔鬼系统洞穴潜水事件,989688,53011,4458,7693,1060,美国佛罗里达州魔鬼系统洞穴潜水事件,2,-1,-3.740026,0.23269446,2.7186472,8.322311
BV1w9fuB5EpX,当两个世界的强者相遇！,1973250,72834,2985,29049,313,当两个世界的强者相遇,6,-1,0.24780017,-0.4245967,-1.9367919,1.2848673
BV1WAZYBkEdX,没想到，花3500竟然能买辆凯迪拉克！,334615,17793,544,1977,615,没想到 花3500竟然能买辆凯迪拉克,7,-1,5.3665576,0.12850568,-1.4764658,-6.4395213
BV1wBfcBpEdS,一秒变异！夺舍刘涛+满改M7+满改AWM，577万撤离！,689448,29298,735,2957,314,一秒变异 夺舍刘涛 满改M7 满改AWM 577万撤离,9,-1,1.2893958,-3.3674748,2.8501859,-7.4668527
BV1WbfJB3EX1,给奶奶做《年夜饭》,2154117,37675,1857,39093,106,给奶奶做 年夜饭,4,-1,0.16709962,2.4441786,5.71928,-1.1226395
BV1wbZRBNEgK,今晚不看后悔！全是名场面，把这游戏玩活了的男人,4221592,132410,23089,19640,20031,今晚不看后悔 全是名场面 把这游戏玩活了的男人,4,-1,2.4825237,-2.1988344,0.09551777,-4.3954196
BV1WcfzBwEfo,《明日方舟：终末地》伊冯EP - Lollipop Neo-nista,912665,34603,5612,7623,2304,明日方舟 终末地 伊冯EP   Lollipop Neo nista,0,-1,-5.013776,1.3038076,-0.046007454,9.631573
BV1wdf3BDEb1,终末地 法术队新流派——黑丝队,1672226,119473,14533,18062,33127,终末地 法术队新流派  黑丝队,6,-1,-6.352031,-1.203798,-2.9191914,5.1115804
BV1WdfiBoEtb,随机后的剧情如何比原版更合理？ |随机宝可梦 卡洛斯篇#5,149760,12543,4425,2534,147,随机后的剧情如何比原版更合理   随机宝可梦 卡洛斯篇 5,6,-1,-4.4548907,-2.7956126,-4.8686323,5.207252
BV1wDfuBjE6y,把整颗橘子倒上冰板会变成什么？敢看吗！ | Ice Cream Rolls 【ASMR】,561602,15374,718,1884,377,把整颗橘子倒上冰板会变成什么 敢看吗    Ice Cream Rolls  ASMR,0,-1,-1.3739147,1.0764226,-1.5326995,10.571079
BV1WdfwBfEHn,“你是kei...!？那我是谁..?”,270169,25492,549,5071,443,你是kei     那我是谁,4,-1,1.7600107,2.9792097,1.5399615,0.4859522
BV1WdZ8BzESp,半边身体全被烧毁，每天被人无情嘲笑？！残缺的女孩却依然要对抗全世界拯救你...,402845,58784,2257,26590,1939,半边身体全被烧毁 每天被人无情嘲笑  残缺的女孩却依然要对抗全世界拯救你,7,-1,3.0794127,-2.2261035,-1.733384,1.2888653
BV1wDZvBEEZa,三年了，和小潮team一起包饺砸！,1724407,168926,29475,21448,1432,三年了 和小潮team一起包饺砸,4,-1,-0.05878405,4.12182,2.8714209,1.2131431
BV1wff3BUEgZ,这波全世界都知道橘子要用一闪或二闪了,1779280,101127,4287,3340,1625,这波全世界都知道橘子要用一闪或二闪了,3,-1,5.698085,-0.07966045,-2.2703197,-5.065672
BV1WffPBvE2D,IVE 'BLACKHOLE' MV,389244,23862,13008,8749,7630,IVE  BLACKHOLE  MV,0,-1,-3.197724,4.7065206,-0.08696899,9.68188
BV1wffwBZECq,「长情为棋，与你……不离」,271093,23905,4043,12050,622,长情为棋 与你  不离,4,-1,0.037688117,0.6949651,4.13829,1.1394192
BV1WHf7BMEiT,我发誓只养一只狗,457395,90956,45351,5778,667,我发誓只养一只狗,4,-1,-0.88684064,4.4935718,2.828378,2.4609098
BV1wHZXBwEhn,【填词/祐天寺若麦】“撕下我的脸，澄清我的血”《怪物之歌》,1477505,185708,38859,148362,5187,填词 祐天寺若麦  撕下我的脸 澄清我的血  怪物之歌,6,-1,-6.825514,-0.3929284,-3.0593302,7.6780457
BV1wHZXBwEZ5,一期视频带你了解生化危机9安魂曲 里昂的前世今生【D9蒙太奇】,214636,11075,3651,4178,361,一期视频带你了解生化危机9安魂曲 里昂的前世今生 D9蒙太奇,8,-1,1.6875458,-4.760564,-6.4093037,-5.206151
BV1WKfuBjEqS,亲戚之间的攀比,265857,18804,1065,1254,443,亲戚之间的攀比,2,-1,-1.6708195,2.3534732,4.8901834,1.6446568
BV1wmc7zMEw9,听说你们想看我穿烟花？🎆,3019026,367969,37011,38470,1877,听说你们想看我穿烟花,4,-1,0.008883719,4.735651,3.0784378,-1.865598
BV1wmfTB6EMA,哈基蜂今天生日，送他几个芝士套,204495,11936,733,2894,329,哈基蜂今天生日 送他几个芝士套,4,-1,0.856711,4.701133,2.4601624,1.676311
BV1wMZdBBE3n,⚠️ 你 已 经 激 怒 了 一 头 雄 狮 ⚠️,418077,52737,4138,11454,2042,你 已 经 激 怒 了 一 头 雄 狮,1,-1,0.9142201,3.8209317,-0.84278417,-0.5446932
BV1wNcJz1Eqe,植物魅魔！别玩我了行吗？,726190,26887,2704,23101,42,植物魅魔 别玩我了行吗,3,-1,4.285308,-0.0014148534,-1.3443006,-4.161261
BV1WRfiBtEoK,我是女的。,569655,50956,589,9718,404,我是女的,2,-1,-0.9267382,5.111948,2.5054169,3.0452962
BV1WTfuB1ED7,为塑造一个角色，他曾写下10万字人物小传,264510,16592,3064,4197,915,为塑造一个角色 他曾写下10万字人物小传,2,-1,-1.0562686,2.7527514,4.8681536,3.1728232
BV1wtZoBCEoR,妮蔻：变成小兵的“鸽子妮蔻”,1056455,58072,1716,1218,499,妮蔻 变成小兵的 鸽子妮蔻,6,-1,-4.3040757,0.030689372,-1.2599545,5.158874
BV1wVcvzsEs9,特厨探店|没有门头没有招牌的顺德小店—蒸四味,726795,58044,2755,3318,1246,特厨探店 没有门头没有招牌的顺德小店 蒸四味,5,-1,-1.1625347,-1.9824959,7.1597543,-0.7703759
BV1wvfcBsEbh,当我尝试拍出火花的美……,427192,43881,1787,12498,451,当我尝试拍出火花的美,1,-1,3.8047392,4.498864,-1.552543,-1.6002327
BV1wwf5BsEX3,老外：当中国玩家拿上了志愿军的装备，问题就变得严重了！,1359465,74269,2319,12586,457,老外 当中国玩家拿上了志愿军的装备 问题就变得严重了,3,-1,4.69663,-0.5505573,-1.9744378,-5.195397
BV1WwfzBhEpG,新年小心恐怖小孩,371129,44758,1572,7415,429,新年小心恐怖小孩,5,-1,-0.93059534,0.37406132,5.6744747,0.37850803
BV1wzfcBQEE6,春节走亲戚，亲戚问我有什么才艺…,1390207,92693,9615,4477,794,春节走亲戚 亲戚问我有什么才艺,4,-1,1.1814216,3.4443626,3.4519293,-1.9151605
BV1WZfiBxERF,谁懂过年这口火锅的含金量，一个字“香”,909534,46664,1247,1865,392,谁懂过年这口火锅的含金量 一个字 香,7,-1,6.2080765,0.49596238,-0.90012413,-7.816546
BV1WzZ9BBE9S,《不排点の下场》,3132486,307599,5962,18408,2914,不排点 下场,2,-1,-0.7196307,4.27664,2.8055952,4.485904
BV1X8fnBbECJ,看来他们吃满意了,1840159,68920,954,8119,464,看来他们吃满意了,1,-1,4.9261727,4.830146,0.205421,-1.8724009
BV1xAfEBgEB6,“很荣幸成为了漂泊者！”,117086,18873,3708,6804,1543,很荣幸成为了漂泊者,1,-1,1.8449292,4.3175483,-0.15815863,-0.31711036
BV1XbfEBpEVk,孩子们，这回上帝都镇不住阴间视频了,1460640,158859,3931,20778,8792,孩子们 这回上帝都镇不住阴间视频了,7,-1,5.508774,-2.6626453,-2.275684,-7.3934216
BV1XcZ8BjEhX,从春晚到景区，「中式审美」真的在崩溃吗？,3032512,37998,10195,21419,1735,从春晚到景区  中式审美 真的在崩溃吗,7,-1,7.600092,-1.7919847,-2.2820914,-9.193717
BV1xgfwBhE21,过年期间无聊就和朋友在ktv这么玩,2661620,230953,7424,21531,22068,过年期间无聊就和朋友在ktv这么玩,7,-1,4.977435,-1.1983567,-1.2322341,-7.3746333
BV1XifwBkEsc,欢迎收看高中生回村过年vlog,1022383,21106,1312,20899,13,欢迎收看高中生回村过年vlog,5,-1,-4.47296,-0.5188209,3.745361,0.17183581
BV1XNfKBJEWs,今天就不笑你了…哈基蜂,781788,129446,2134,11279,1378,今天就不笑你了 哈基蜂,4,-1,-1.1976631,3.8515859,1.725752,2.6765842
BV1xofKByEz4,【小剧场】罗德岛趣事-02,219805,36763,6401,10010,576,小剧场 罗德岛趣事 02,6,-1,-4.64988,0.7820403,-1.4528568,5.347215
BV1xPfuBmEtq,减肥登珠峰，挑战蹬一千公里回家,620827,51975,10704,3443,1911,减肥登珠峰 挑战蹬一千公里回家,5,-1,0.75742954,-1.1449813,7.254409,-0.88955605
BV1XqfFBPEH2,【梗百科】新三魏国篇①？！死是凉爽的夏夜？不可能！绝对不可能！？,444609,39059,4374,7640,2411,梗百科 新三魏国篇   死是凉爽的夏夜 不可能 绝对不可能,9,-1,-0.34211072,-1.8238773,-4.122142,0.3909368
BV1xQFQzzE2n,全部都太脆弱~,1304859,92667,3371,10300,5320,全部都太脆弱,4,-1,0.069435544,3.6833482,2.3477266,2.2457993
BV1xQfwBaELZ,《机械飞升》,3612759,324686,8593,17644,5489,机械飞升,2,-1,-3.6916044,2.6241977,3.7006142,5.9497724
BV1XRfcB6EfQ,JH06-09年热恋期回顾，娱乐圈公费恋爱代表人物周杰伦田馥甄，甜味整个溢出屏幕！,918053,31408,26246,10810,11015,JH06 09年热恋期回顾 娱乐圈公费恋爱代表人物周杰伦田馥甄 甜味整个溢出屏幕,5,-1,-3.1679618,-2.6487634,6.380422,-2.780699
BV1XTfMBdEHB,哈蒙德试驾仰望U9X,176304,7285,1184,1835,602,哈蒙德试驾仰望U9X,2,-1,-2.648216,2.9826515,2.3642478,7.0329666
BV1XVfgB8EUV,9个小时 挣3600是什么体验,1514503,59074,1206,2073,201,9个小时 挣3600是什么体验,7,-1,6.0404673,0.39498112,-0.9412758,-7.741963
BV1XXZfBPEZr,换一个,401842,37577,588,6413,7049,换一个,2,-1,0.6891309,4.6727114,2.808708,3.8174562
BV1XZfcBBEUD,《三兄弟冒险特别篇》,755446,74998,12669,14604,1810,三兄弟冒险特别篇,6,-1,-5.1891227,-0.5783396,-4.6431537,4.7502227
BV1Y5ZSBuE2a,本视频无任何加速片段,2302034,128894,921,5925,2716,本视频无任何加速片段,2,-1,-2.0878828,1.1674707,-2.2870815,3.2802005
BV1y6fqBoEnb,实至名龟?！网文绿帽区王争霸，新中原五绿到底是个怎么个事?,157720,6105,554,1725,810,实至名龟  网文绿帽区王争霸 新中原五绿到底是个怎么个事,9,-1,3.1879847,-3.2844782,-0.91512835,-9.371492
BV1y8fgBUEgr,租房子捅了鬼窝了！国产恐怖游戏【鬼租205号房】,748537,71553,45917,20156,2692,租房子捅了鬼窝了 国产恐怖游戏 鬼租205号房,7,-1,4.007196,-2.8844907,-1.785346,-7.0349264
BV1y8ZiBDETQ,今晚器官们集体爆发！大司马终于绷不住了，听到轰轰家乡话念ID直接破了,2678613,62066,10101,9458,12938,今晚器官们集体爆发 大司马终于绷不住了 听到轰轰家乡话念ID直接破了,3,-1,4.908385,-1.3150213,-1.9828101,-5.984124
BV1y9ZDBhE4p,说出你拉肚子的经历，让我心里好受点,16084928,1101871,137441,319218,275920,说出你拉肚子的经历 让我心里好受点,4,-1,4.284367,3.293955,0.51649,-3.0812001
BV1YBfiBuEPh,刀锋：孩子们我才是亚连的cp,476579,17154,576,4156,356,刀锋 孩子们我才是亚连的cp,9,-1,2.7453954,-2.096133,-1.9514931,-3.8881476
BV1ycfzBwEEh,网上很火的预制海鲜到底有多离谱…,146929,12382,640,891,171,网上很火的预制海鲜到底有多离谱,7,-1,6.792239,-0.7295127,-1.0088791,-8.246992
BV1YCZaBxE5R,【PVZ动画-和平时代】植物和僵尸们是怎么一起跨年的？,953021,79904,10533,45382,1383,PVZ动画 和平时代 植物和僵尸们是怎么一起跨年的,7,-1,3.454688,-3.8936434,-4.3243713,-7.6942353
BV1yEZaBkEkb,加菲猫主人乔恩竟然这么有钱！！?,2486354,79966,6984,40472,675,加菲猫主人乔恩竟然这么有钱,7,-1,5.424007,-2.5413592,-3.3132665,-8.172676
BV1yFZYByECh,丢到脑子一口气带你看超好看动漫《我，推理天花板》免费看全集完整版大结局在评论区5,1245147,77892,671,17365,339,丢到脑子一口气带你看超好看动漫 我 推理天花板 免费看全集完整版大结局在评论区5,6,-1,-2.5070682,-2.2765536,-5.0755935,0.6010709
BV1yGfFBnEJf,我去！兄弟！我悟了！,1911201,223368,2036,39588,20419,我去 兄弟 我悟了,4,-1,0.8610079,3.4267094,1.1285849,-1.9161988
BV1YmfMBbEfy,载物和小蜜蜂全队想一辈子都想不出的逆天视频,202418,13434,529,1730,4067,载物和小蜜蜂全队想一辈子都想不出的逆天视频,7,-1,2.7066774,-4.435923,-2.5525193,-7.2080455
BV1yoZDBbE3Q,把一家饭店所有的菜都点了一遍,2932494,319641,163912,48391,2970,把一家饭店所有的菜都点了一遍,1,-1,3.099354,5.9379654,0.6921979,-1.5556153
BV1YPf7BSENS,白子：摔疼我了！,1855686,199696,3606,41718,11127,白子 摔疼我了,4,-1,1.6787908,3.5516655,0.82964075,-2.0890749
BV1YpfqBuEeJ,游戏 游戏日常 蛋仔派对 蛋仔地图推荐 蛋仔小剧场,1530031,78788,7980,81377,5,游戏 游戏日常 蛋仔派对 蛋仔地图推荐 蛋仔小剧场,6,-1,-5.188773,-0.56038845,-1.9584615,5.715312
BV1ysf6BeECN,"带领兄弟们打败""黑化财神爷""!!!「新年小游戏派对」",229717,33810,26756,10314,340,带领兄弟们打败 黑化财神爷     新年小游戏派对,5,-1,-5.0121255,-1.7111384,-4.1845903,2.1453426
BV1YSZeBFEYL,该吃独食还得吃独食。,1408103,107931,34652,14155,229,该吃独食还得吃独食,2,-1,-0.6125024,4.8621817,3.6684964,3.9374723
BV1yUfFBdEUx,可怜的弟弟(3),1340982,53459,685,16081,2152,可怜的弟弟 3,2,-1,0.12372335,4.5942917,1.9450047,3.3316169
BV1YUfMBZE6w,六六六，踢足球不叫我！,1244557,123731,2624,17681,9050,六六六 踢足球不叫我,4,-1,0.8828688,4.028142,2.6716516,2.8095756
BV1YUfMBZEjQ,“喜 极 而 泣”,3833062,270018,41741,107807,2683,喜 极 而 泣,2,-1,-1.2155432,4.94401,3.350373,4.723812
BV1YUfMBZEVF,大话猫游,456064,17325,666,3708,4108,大话猫游,6,-1,-5.192532,0.3341344,-1.5510259,5.5782013
BV1YWZ9BUEuR,老司机你在面对这种道路情况的时候，会怎么应对？,2082775,25538,800,4406,621,老司机你在面对这种道路情况的时候 会怎么应对,3,-1,5.6505585,-1.061415,-0.8039744,-6.0263896
BV1YYfuBZEPG,万万想不到冷冻后的鸡蛋再煎竟然这么绝！！成功解锁了太阳蛋！搭配酸爽开胃的糖醋汁真是好吃炸了！！#冷冻鸡蛋 #鸡蛋神仙吃法 #糖醋鸡蛋,1702799,47181,521,15736,2153,万万想不到冷冻后的鸡蛋再煎竟然这么绝  成功解锁了太阳蛋 搭配酸爽开胃的糖醋汁真是好吃炸了   冷冻鸡蛋  鸡蛋神仙吃法  糖醋鸡蛋,5,-1,-0.23115355,-1.0795695,1.8571628,-6.9795446
BV1Z7Z2BzEQS,“当我以为生活会善待我时”,6840850,326738,3852,23325,8176,当我以为生活会善待我时,1,-1,2.9047737,5.3581524,0.83086467,0.03810317
BV1Z8ZXBRELc,6毛钱网吧，这里长期驻扎着一群人,236761,16182,6409,2610,1068,6毛钱网吧 这里长期驻扎着一群人,3,-1,3.737289,0.9761616,-1.0081884,-6.4243174
BV1zAfcBjEsf,游戏史“最大翻车”，如何用十年翻盘？,310885,29754,1113,4942,342,游戏史 最大翻车  如何用十年翻盘,9,-1,-0.24924849,-4.350401,-4.1890674,2.2105339
BV1ZAfgBTErw,看看你的反应速度能不能躲过白色引线,3115199,84313,538,2353,431,看看你的反应速度能不能躲过白色引线,3,-1,3.7466757,0.5595258,-3.127904,-3.2914045
BV1ZAfgBTEyj,【米苏不酥呀】更新啦，赶紧来围观吧！,3258378,241482,1072,16782,11475,米苏不酥呀 更新啦 赶紧来围观吧,3,-1,3.9791102,-1.0680478,-2.8645475,-4.390398
BV1ZAfyBNExz,宝可梦30周年logo分享，你拿到的是哪个？,90456,3900,686,905,1180,宝可梦30周年logo分享 你拿到的是哪个,7,-1,5.2161355,-5.304083,-4.3656187,-6.501698
BV1ZdfNBxEs2,NCT JNJM《BOTH SIDES》MV,195105,19832,11825,6293,8218,NCT JNJM BOTH SIDES MV,0,-1,-3.5674865,4.8865967,-0.11112855,9.716802
BV1ZLchziEDB,【星穹铁道乐子大会】斯科特同人单曲《孤狼》,2212160,481996,756245,354225,49074,星穹铁道乐子大会 斯科特同人单曲 孤狼,6,-1,-6.327518,-2.051607,-3.202579,7.171419
BV1ZmfcBLEDk,铁柱磨针第一天，全力以赴版。,1776619,195149,3049,14055,1281,铁柱磨针第一天 全力以赴版,1,-1,0.43125454,3.9865413,-0.12181264,0.10070486
BV1ZoZYBvER6,CS2躲猫猫:墙模型,1997847,74214,944,6866,334,CS2躲猫猫 墙模型,0,-1,-4.8441596,2.4323993,0.7322022,5.858092
BV1zpf3BVE2m,整整803个藏品宝箱！究竟能够开出多少东西？最后能赚到多少钱呢？,1725399,134071,27650,110172,207,整整803个藏品宝箱 究竟能够开出多少东西 最后能赚到多少钱呢,1,-1,4.0025673,-0.5092599,-2.7273211,-1.8606504
BV1ZSfABQEvj,为什么路边摊的烤鱿鱼狗都不吃？,297729,14506,990,8918,636,为什么路边摊的烤鱿鱼狗都不吃,4,-1,3.1850169,1.71217,4.5123825,-2.2281363
BV1ZsfFBGEpk,我叛逆的一生,1263792,85463,8153,15130,2018,我叛逆的一生,4,-1,-0.69140077,3.8705473,3.5635915,2.4165626
BV1zSfjBFEBY,只是在异环平凡的一天...,141961,12349,878,2125,324,只是在异环平凡的一天,1,-1,-0.5708428,2.1346576,-1.9236197,1.2739896
BV1ztfBB9EJ9,FBI警车被抢？一队阿sir来搞笑？,114155,8911,1067,686,130,FBI警车被抢 一队阿sir来搞笑,5,-1,-3.0838132,0.0423877,6.4078155,2.1137433
BV1ZTfGBGE47,《耶呼！黏苞米》-01,1373005,107012,136276,28724,4385,耶呼 黏苞米  01,0,-1,-4.4574866,3.62824,1.0391726,6.718618
BV1zTfqBJECV,单三全局裸配mk4和aw绝航清图,542749,44462,1430,4349,1235,单三全局裸配mk4和aw绝航清图,5,-1,-1.9136002,-3.681916,4.369924,-6.291815
BV1zvfMBqEyL,关税大翻车！特朗普怒！再加码15%！｜中美超过20架战机黄海罕见对峙,384126,19144,5426,3312,440,关税大翻车 特朗普怒 再加码15   中美超过20架战机黄海罕见对峙,8,-1,2.6843436,-4.3236413,0.3974326,-10.645241
BV1ZyZfBzEWt,勘探钻研之路,222244,22445,702,3727,706,勘探钻研之路,2,-1,-3.1877458,0.33970204,4.0233874,7.1626587
